task,domain,arm,repeat,run,reward,private_passed,private_collected,run_record_present,session_present,status,model,effort,work_seconds,prepare_seconds,stage_usage_unknown,explicit_unknown_inflight,old_stage_input,old_stage_output,trial_path
003,Materials Science and Engineering,baseline,1,deepseek-locked89-k1-v2,0,3,6,1,1,completed,deepseek-flash,low,154.95463462499902,0,0,0,625813,13701,runs/deepseek-locked89-k1-v2/jobs/task-003-baseline/task_003__JA6m45r
003,Materials Science and Engineering,cbe,1,deepseek-locked89-k1-v2,0,3,6,1,1,completed,deepseek-flash,low,128.5213547500316,9.835201833047904,0,0,431585,10216,runs/deepseek-locked89-k1-v2/jobs/task-003-science/task_003__d4BZCjt
007,Biomedical Engineering,baseline,1,deepseek-locked89-k1-v2,0,4,6,1,1,completed,deepseek-flash,low,1187.3543713340769,0,0,0,6462634,99480,runs/deepseek-locked89-k1-v2/jobs/task-007-baseline/task_007__XUe9iNE
007,Biomedical Engineering,cbe,1,deepseek-locked89-k1-v2,0,5,6,1,1,completed,deepseek-flash,low,829.3522792090662,8.59957687498536,0,0,4151594,66857,runs/deepseek-locked89-k1-v2/jobs/task-007-science/task_007__5dzx2LR
011,Physics,baseline,1,deepseek-locked89-k1-v2,0,3,5,1,1,completed,deepseek-flash,low,371.7515393749345,0,0,0,1851403,54319,runs/deepseek-locked89-k1-v2/jobs/task-011-baseline/task_011__LJkKt4t
011,Physics,cbe,1,deepseek-locked89-k1-v2,0,3,5,1,1,completed,deepseek-flash,low,460.2398101671133,6.895512250019237,0,0,3336017,55661,runs/deepseek-locked89-k1-v2/jobs/task-011-science/task_011__qQg7hfN
012,Physics,baseline,1,deepseek-locked89-k1-v2,0,9,10,1,1,completed,deepseek-flash,low,115.34381516603753,0,0,0,489015,13848,runs/deepseek-locked89-k1-v2/jobs/task-012-baseline/task_012__PFz4Di4
012,Physics,cbe,1,deepseek-locked89-k1-v2,0,9,10,1,1,completed,deepseek-flash,low,175.4779035829706,6.1186989159323275,0,0,1149110,18573,runs/deepseek-locked89-k1-v2/jobs/task-012-science/task_012__BNDG7vY
013,Physics,baseline,1,deepseek-locked89-k1-v2,1,5,5,1,1,completed,deepseek-flash,low,102.83559858298395,0,0,0,457063,10358,runs/deepseek-locked89-k1-v2/jobs/task-013-baseline/task_013__g8y5if7
013,Physics,cbe,1,deepseek-locked89-k1-v2,1,5,5,1,1,completed,deepseek-flash,low,126.40108874905854,7.4229400410549715,0,0,1044098,8935,runs/deepseek-locked89-k1-v2/jobs/task-013-science/task_013__DptKUAU
015,Biomedical Engineering,baseline,1,deepseek-locked89-k1-v2,1,31,31,1,1,timeout,deepseek-flash,low,1800.021632125019,0,1,0,0,0,runs/deepseek-locked89-k1-v2/jobs/task-015-baseline/task_015__JXxXnSP
015,Biomedical Engineering,cbe,1,deepseek-locked89-k1-v2,1,31,31,1,1,completed,deepseek-flash,low,893.8799274170306,6.898565000039525,0,0,6013665,80001,runs/deepseek-locked89-k1-v2/jobs/task-015-science/task_015__CSRBh3e
017,Astronomy,baseline,1,deepseek-locked89-k1-v2,1,12,12,1,1,completed,deepseek-flash,low,1282.1394714160124,0,0,0,4179586,68254,runs/deepseek-locked89-k1-v2/jobs/task-017-baseline/task_017__WsCNwKV
017,Astronomy,cbe,1,deepseek-locked89-k1-v2,1,12,12,1,1,infrastructure_failure,deepseek-flash,low,1799.3369720010087,29.264951166929677,0,0,4926018,81001,runs/deepseek-locked89-k1-v2/jobs/task-017-science/task_017__JiAn7mu
018,Biology,baseline,1,deepseek-locked89-k1-v2,0,5,5,1,1,completed,deepseek-flash,low,783.2044956249883,0,0,0,1933331,28554,runs/deepseek-locked89-k1-v2/jobs/task-018-baseline/task_018__k59UAHQ
018,Biology,cbe,1,deepseek-locked89-k1-v2,0,0,5,1,1,infrastructure_failure,deepseek-flash,low,1798.380524209002,333.80980041704606,0,0,2145676,15055,runs/deepseek-locked89-k1-v2/jobs/task-018-science/task_018__8SiDWqn
020,Materials Science and Engineering,baseline,1,deepseek-locked89-k1-v2,0,10,12,1,1,completed,deepseek-flash,low,1679.2279890410136,0,0,0,1607968,50438,runs/deepseek-locked89-k1-v2/jobs/task-020-baseline/task_020__u5uR2xm
020,Materials Science and Engineering,cbe,1,deepseek-locked89-k1-v2,0,10,12,1,1,completed,deepseek-flash,low,318.9153086669976,10.627354749944061,0,0,1756756,32496,runs/deepseek-locked89-k1-v2/jobs/task-020-science/task_020__3Za9mhX
021,Chemistry,baseline,1,deepseek-locked89-k1-v2,0,5,15,1,1,completed,deepseek-flash,low,912.1433650419349,0,0,0,5014588,102801,runs/deepseek-locked89-k1-v2/jobs/task-021-baseline/task_021__sJZkFiR
021,Chemistry,cbe,1,deepseek-locked89-k1-v2,0,10,15,1,1,completed,deepseek-flash,low,1162.10149312485,14.148545249947347,0,0,6523647,104693,runs/deepseek-locked89-k1-v2/jobs/task-021-science/task_021__dQCkkwT
022,Biomedical Engineering,baseline,1,deepseek-locked89-k1-v2,1,12,12,1,1,completed,deepseek-flash,low,799.6677567909937,0,0,0,1828026,53536,runs/deepseek-locked89-k1-v2/jobs/task-022-baseline/task_022__uDEEdjy
022,Biomedical Engineering,cbe,1,deepseek-locked89-k1-v2,0,4,12,1,1,infrastructure_failure,deepseek-flash,low,1799.3505810010247,26.929348542005755,1,0,0,0,runs/deepseek-locked89-k1-v2/jobs/task-022-science/task_022__6zVsLer
023,Chemistry,baseline,1,deepseek-locked89-k1-v2,1,8,8,1,1,completed,deepseek-flash,low,529.5171161660692,0,0,0,947311,22927,runs/deepseek-locked89-k1-v2/jobs/task-023-baseline/task_023__5nUxzFn
023,Chemistry,cbe,1,deepseek-locked89-k1-v2,1,8,8,1,1,completed,deepseek-flash,low,458.299129248946,38.22651433292776,0,0,1515062,22780,runs/deepseek-locked89-k1-v2/jobs/task-023-science/task_023__DJfcs75
026,Atmospheric Science,baseline,1,deepseek-locked89-k1-v2,0,8,9,1,1,completed,deepseek-flash,low,1280.7546079590684,0,0,0,4410042,84658,runs/deepseek-locked89-k1-v2/jobs/task-026-baseline/task_026__DEaPviq
026,Atmospheric Science,cbe,1,deepseek-locked89-k1-v2,0,8,9,1,1,completed,deepseek-flash,low,1030.347213833942,54.34970445896033,0,0,3600531,39241,runs/deepseek-locked89-k1-v2/jobs/task-026-science/task_026__jcPe8qo
029,Biology,baseline,1,deepseek-locked89-k1-v2,1,29,29,1,1,completed,deepseek-flash,low,891.6022746668896,0,0,0,5088515,81699,runs/deepseek-locked89-k1-v2/jobs/task-029-baseline/task_029__fVoxDss
029,Biology,cbe,1,deepseek-locked89-k1-v2,0,14,29,1,1,infrastructure_failure,deepseek-flash,low,1799.1018559170188,36.63806679204572,1,0,0,0,runs/deepseek-locked89-k1-v2/jobs/task-029-science/task_029__q9xQpS2
030,Materials Science and Engineering,baseline,1,deepseek-locked89-k1-v2,1,10,10,1,1,completed,deepseek-flash,low,683.3280892079929,0,0,0,1163984,34216,runs/deepseek-locked89-k1-v2/jobs/task-030-baseline/task_030__txPWFTP
030,Materials Science and Engineering,cbe,1,deepseek-locked89-k1-v2,1,10,10,1,1,completed,deepseek-flash,low,988.8542200829834,55.28830712498166,0,0,1568860,22038,runs/deepseek-locked89-k1-v2/jobs/task-030-science/task_030__urTzPpq
031,Biomedical Engineering,baseline,1,deepseek-locked89-k1-v2,1,41,41,1,1,completed,deepseek-flash,low,768.2394367910456,0,0,0,2095780,36721,runs/deepseek-locked89-k1-v2/jobs/task-031-baseline/task_031__YyXZHQK
031,Biomedical Engineering,cbe,1,deepseek-locked89-k1-v2,1,41,41,1,1,completed,deepseek-flash,low,845.9373836240266,84.85189795808401,0,0,3948179,32539,runs/deepseek-locked89-k1-v2/jobs/task-031-science/task_031__X6vR43d
032,Chemistry,baseline,1,deepseek-locked89-k1-v2,1,6,6,1,1,completed,deepseek-flash,low,791.2799141670112,0,0,0,2601495,50819,runs/deepseek-locked89-k1-v2/jobs/task-032-baseline/task_032__DPAcZJa
032,Chemistry,cbe,1,deepseek-locked89-k1-v2,1,6,6,1,1,completed,deepseek-flash,low,463.45245641691145,44.07329899992328,0,0,1418719,33710,runs/deepseek-locked89-k1-v2/jobs/task-032-science/task_032__fjkXaE7
033,Materials Science and Engineering,baseline,1,deepseek-locked89-k1-v2,0,6,10,1,1,timeout,deepseek-flash,low,1799.027055833023,0,0,0,837091,31813,runs/deepseek-locked89-k1-v2/jobs/task-033-baseline/task_033__CwGzjdC
033,Materials Science and Engineering,cbe,1,deepseek-locked89-k1-v2,0,5,10,1,1,infrastructure_failure,deepseek-flash,low,1798.6535341668641,183.77635624993127,0,0,125231,4041,runs/deepseek-locked89-k1-v2/jobs/task-033-science/task_033__JiLbQuJ
034,Mathematics,baseline,1,deepseek-locked89-k1-v2,0,1,8,1,1,timeout,deepseek-flash,low,1799.049989958061,0,0,0,1388147,23209,runs/deepseek-locked89-k1-v2/jobs/task-034-baseline/task_034__RLVbcei
034,Mathematics,cbe,1,deepseek-locked89-k1-v2,0,1,8,1,1,infrastructure_failure,deepseek-flash,low,1797.3192160830367,89.47725595801603,0,0,2785218,35162,runs/deepseek-locked89-k1-v2/jobs/task-034-science/task_034__84swMwB
035,Mathematics,baseline,1,deepseek-locked89-k1-v2,0,8,14,1,1,completed,deepseek-flash,low,732.1727234170539,0,0,0,2459173,45506,runs/deepseek-locked89-k1-v2/jobs/task-035-baseline/task_035__WDiGH46
035,Mathematics,cbe,1,deepseek-locked89-k1-v2,0,8,14,1,1,infrastructure_failure,deepseek-flash,low,1798.5316762919538,37.95837616699282,0,0,5604159,74450,runs/deepseek-locked89-k1-v2/jobs/task-035-science/task_035__tpc6nDW
036,Marine Science,baseline,1,deepseek-locked89-k1-v2,0,6,9,1,1,completed,deepseek-flash,low,1164.7789494170574,0,0,0,4927412,63490,runs/deepseek-locked89-k1-v2/jobs/task-036-baseline/task_036__UzsBqTE
036,Marine Science,cbe,1,deepseek-locked89-k1-v2,0,7,9,1,1,completed,deepseek-flash,low,1187.0771163749741,39.726023708004504,0,0,4214460,59387,runs/deepseek-locked89-k1-v2/jobs/task-036-science/task_036__AzSju2n
037,Biomedical Engineering,baseline,1,deepseek-locked89-k1-v2,0,3,13,1,1,completed,deepseek-flash,low,767.7080648749834,0,0,0,3005557,64095,runs/deepseek-locked89-k1-v2/jobs/task-037-baseline/task_037__qGrsyQn
037,Biomedical Engineering,cbe,1,deepseek-locked89-k1-v2,0,3,13,1,1,infrastructure_failure,deepseek-flash,low,1798.096317957854,66.81220045790542,1,0,0,0,runs/deepseek-locked89-k1-v2/jobs/task-037-science/task_037__9x9KxzY
038,Materials Science and Engineering,baseline,1,deepseek-locked89-k1-v2,1,15,15,1,1,timeout,deepseek-flash,low,1799.055774250999,0,1,1,0,0,runs/deepseek-locked89-k1-v2/jobs/task-038-baseline/task_038__a6Zvotn
038,Materials Science and Engineering,cbe,1,deepseek-locked89-k1-v2,1,15,15,1,1,infrastructure_failure,deepseek-flash,low,1795.0779602918774,129.84177599998657,1,1,0,0,runs/deepseek-locked89-k1-v2/jobs/task-038-science/task_038__BNXdSJJ
039,Geography,baseline,1,deepseek-locked89-k1-v2,0,4,11,1,1,timeout,deepseek-flash,low,1799.120737958001,0,1,1,0,0,runs/deepseek-locked89-k1-v2/jobs/task-039-baseline/task_039__9H5yEoH
039,Geography,cbe,1,deepseek-locked89-k1-v2,0,4,11,1,1,infrastructure_failure,deepseek-flash,low,1798.8803387079388,87.3812877079472,0,0,3765006,43417,runs/deepseek-locked89-k1-v2/jobs/task-039-science/task_039__MigLcSc
040,Geophysics,baseline,1,deepseek-locked89-k1-v2,0,0,3,1,1,timeout,deepseek-flash,low,1799.0787605840014,0,0,0,361703,5973,runs/deepseek-locked89-k1-v2/jobs/task-040-baseline/task_040__VbahdNr
040,Geophysics,cbe,1,deepseek-locked89-k1-v2,0,0,3,1,1,infrastructure_failure,deepseek-flash,low,1794.8522183749592,328.18293899996206,1,0,0,0,runs/deepseek-locked89-k1-v2/jobs/task-040-science/task_040__PBXkYLe
041,Geophysics,baseline,1,deepseek-locked89-k1-v2,0,7,24,1,1,completed,deepseek-flash,low,1282.4444678340806,0,0,0,4410800,75555,runs/deepseek-locked89-k1-v2/jobs/task-041-baseline/task_041__3CvFeZX
041,Geophysics,cbe,1,deepseek-locked89-k1-v2,0,3,24,1,1,completed,deepseek-flash,low,874.0547224588227,54.382886083913036,0,0,3631492,49355,runs/deepseek-locked89-k1-v2/jobs/task-041-science/task_041__Uwv683g
042,Astronomy,baseline,1,deepseek-locked89-k1-v2,0,15,16,1,1,timeout,deepseek-flash,low,1799.0444554579444,0,0,0,5371981,56457,runs/deepseek-locked89-k1-v2/jobs/task-042-baseline/task_042__4Ysr5gT
042,Astronomy,cbe,1,deepseek-locked89-k1-v2,1,16,16,1,1,completed,deepseek-flash,low,1552.4050958759617,60.40865258395206,0,0,8912731,46933,runs/deepseek-locked89-k1-v2/jobs/task-042-science/task_042__bdvKKZk
043,Materials Science and Engineering,baseline,1,deepseek-locked89-k1-v2,0,4,8,1,1,completed,deepseek-flash,low,1182.7299640829442,0,0,0,1333840,32565,runs/deepseek-locked89-k1-v2/jobs/task-043-baseline/task_043__2rJpg75
043,Materials Science and Engineering,cbe,1,deepseek-locked89-k1-v2,0,4,8,1,1,infrastructure_failure,deepseek-flash,low,1797.5037819170393,104.82251512503717,0,0,4556142,38340,runs/deepseek-locked89-k1-v2/jobs/task-043-science/task_043__TUaW6nD
044,Chemistry,baseline,1,deepseek-locked89-k1-v2,0,8,15,1,1,completed,deepseek-flash,low,1705.3045514159603,0,0,0,3202183,52692,runs/deepseek-locked89-k1-v2/jobs/task-044-baseline/task_044__HvhbkLW
044,Chemistry,cbe,1,deepseek-locked89-k1-v2,0,8,15,1,1,completed,deepseek-flash,low,1683.7232367499964,262.02494845807087,0,0,2881442,59128,runs/deepseek-locked89-k1-v2/jobs/task-044-science/task_044__FdzfVBX
046,Astronomy,baseline,1,deepseek-locked89-k1-v2,0,6,10,1,1,completed,deepseek-flash,low,655.7869803339709,0,0,0,1707622,27893,runs/deepseek-locked89-k1-v2/jobs/task-046-baseline/task_046__7iPMyy9
046,Astronomy,cbe,1,deepseek-locked89-k1-v2,0,6,10,1,1,infrastructure_failure,deepseek-flash,low,1793.714679124998,113.37360074999742,0,0,2537554,35237,runs/deepseek-locked89-k1-v2/jobs/task-046-science/task_046__7pcjved
047,Information and Communication Engineering,baseline,1,deepseek-locked89-k1-v2,0,2,7,1,1,timeout,deepseek-flash,low,1799.5416936660185,0,0,0,7618201,93847,runs/deepseek-locked89-k1-v2/jobs/task-047-baseline/task_047__WzJv6qS
047,Information and Communication Engineering,cbe,1,deepseek-locked89-k1-v2,0,1,7,1,1,infrastructure_failure,deepseek-flash,low,1798.197529416997,107.14866062498186,1,0,0,0,runs/deepseek-locked89-k1-v2/jobs/task-047-science/task_047__ztabpun
048,Chemistry,baseline,1,deepseek-locked89-k1-v2,0,5,13,1,1,timeout,deepseek-flash,low,1800.0249511250295,0,1,0,0,0,runs/deepseek-locked89-k1-v2/jobs/task-048-baseline/task_048__VgRqSmM
048,Chemistry,cbe,1,deepseek-locked89-k1-v2,0,12,13,1,1,infrastructure_failure,deepseek-flash,low,1798.082839041017,325.2755805409979,1,0,0,0,runs/deepseek-locked89-k1-v2/jobs/task-048-science/task_048__n65z8M3
049,Mathematics,baseline,1,deepseek-locked89-k1-v2,0,11,13,1,1,completed,deepseek-flash,low,1760.8862360409694,0,0,0,6673017,52491,runs/deepseek-locked89-k1-v2/jobs/task-049-baseline/task_049__Ze85UnC
049,Mathematics,cbe,1,deepseek-locked89-k1-v2,0,11,13,1,1,infrastructure_failure,deepseek-flash,low,1793.1200521669816,88.18420895794407,1,0,0,0,runs/deepseek-locked89-k1-v2/jobs/task-049-science/task_049__ao73xj5
050,Physics,baseline,1,deepseek-locked89-k1-v2,0,9,11,1,1,completed,deepseek-flash,low,1225.9917232909938,0,0,0,2371914,30288,runs/deepseek-locked89-k1-v2/jobs/task-050-baseline/task_050__gTYgbXB
050,Physics,cbe,1,deepseek-locked89-k1-v2,0,9,11,1,1,infrastructure_failure,deepseek-flash,low,1798.4305999999633,195.8716395420488,0,0,3420524,42349,runs/deepseek-locked89-k1-v2/jobs/task-050-science/task_050__zmQPpuW
052,Materials Science and Engineering,baseline,1,deepseek-locked89-k1-v2,0,11,16,1,1,timeout,deepseek-flash,low,1799.0567988330731,0,0,0,2305141,35005,runs/deepseek-locked89-k1-v2/jobs/task-052-baseline/task_052__FhMm2a8
052,Materials Science and Engineering,cbe,1,deepseek-locked89-k1-v2,0,8,16,1,1,infrastructure_failure,deepseek-flash,low,1798.9189693330554,91.25390641705599,0,0,5835279,42682,runs/deepseek-locked89-k1-v2/jobs/task-052-science/task_052__zX7eTm4
053,Biomedical Engineering,baseline,1,deepseek-locked89-k1-v2,0,2,6,1,1,timeout,deepseek-flash,low,1799.0100297500612,0,0,0,1204765,50156,runs/deepseek-locked89-k1-v2/jobs/task-053-baseline/task_053__BPkFyYf
053,Biomedical Engineering,cbe,1,deepseek-locked89-k1-v2,0,5,6,1,1,infrastructure_failure,deepseek-flash,low,1798.243377376115,121.08008020906709,0,0,4169396,51672,runs/deepseek-locked89-k1-v2/jobs/task-053-science/task_053__vjjNUQA
054,Chemistry,baseline,1,deepseek-locked89-k1-v2,0,3,7,1,1,timeout,deepseek-flash,low,1799.2889875840629,0,0,0,2485353,54403,runs/deepseek-locked89-k1-v2/jobs/task-054-baseline/task_054__GjhriGz
054,Chemistry,cbe,1,deepseek-locked89-k1-v2,0,3,7,1,1,infrastructure_failure,deepseek-flash,low,1796.864041125984,38.209453791962005,0,0,2700193,59851,runs/deepseek-locked89-k1-v2/jobs/task-054-science/task_054__i8iebi6
055,Astronomy,baseline,1,deepseek-locked89-k1-v2,0,10,18,1,1,timeout,deepseek-flash,low,1799.0186099589337,0,0,0,3767256,65404,runs/deepseek-locked89-k1-v2/jobs/task-055-baseline/task_055__K3oarCD
055,Astronomy,cbe,1,deepseek-locked89-k1-v2,0,10,18,1,1,completed,deepseek-flash,low,1355.0926883330103,58.60691808303818,0,0,3608007,65833,runs/deepseek-locked89-k1-v2/jobs/task-055-science/task_055__Wstxk7a
056,Aeronautical and Astronautical Science and Technology,baseline,1,deepseek-locked89-k1-v2,1,10,10,1,1,completed,deepseek-flash,low,1261.5547835830366,0,0,0,1404651,25424,runs/deepseek-locked89-k1-v2/jobs/task-056-baseline/task_056__6Mh6wGb
056,Aeronautical and Astronautical Science and Technology,cbe,1,deepseek-locked89-k1-v2,1,10,10,1,1,completed,deepseek-flash,low,946.946633040905,301.1794130000053,0,0,624291,10183,runs/deepseek-locked89-k1-v2/jobs/task-056-science/task_056__cwUtkzg
057,Chemistry,baseline,1,deepseek-locked89-k1-v2,1,11,11,1,1,timeout,deepseek-flash,low,1799.43747170805,0,0,0,2715114,42422,runs/deepseek-locked89-k1-v2/jobs/task-057-baseline/task_057__myT2iDd
057,Chemistry,cbe,1,deepseek-locked89-k1-v2,1,11,11,1,1,completed,deepseek-flash,low,1766.2061083338922,141.0365567499539,0,0,9658107,95751,runs/deepseek-locked89-k1-v2/jobs/task-057-science/task_057__xYXAiBq
059,Computer Science and Technology,baseline,1,deepseek-locked89-k1-v2,0,4,9,1,1,completed,deepseek-flash,low,714.2021597499261,0,0,0,2091699,49513,runs/deepseek-locked89-k1-v2/jobs/task-059-baseline/task_059__NnxqYRS
059,Computer Science and Technology,cbe,1,deepseek-locked89-k1-v2,0,7,9,1,1,completed,deepseek-flash,low,737.2566510831239,53.390478375018574,0,0,2319605,44253,runs/deepseek-locked89-k1-v2/jobs/task-059-science/task_059__FMHY4ni
060,Biomedical Engineering,baseline,1,deepseek-locked89-k1-v2,0,4,11,1,1,completed,deepseek-flash,low,413.8051446659956,0,0,0,697146,17345,runs/deepseek-locked89-k1-v2/jobs/task-060-baseline/task_060__W3wW2xU
060,Biomedical Engineering,cbe,1,deepseek-locked89-k1-v2,0,4,11,1,1,completed,deepseek-flash,low,564.5111780411098,167.9152066661045,0,0,796467,10034,runs/deepseek-locked89-k1-v2/jobs/task-060-science/task_060__HDzbeRe
062,Materials Science and Engineering,baseline,1,deepseek-locked89-k1-v2,1,17,17,1,1,timeout,deepseek-flash,low,1799.081633041962,0,0,0,5076553,79841,runs/deepseek-locked89-k1-v2/jobs/task-062-baseline/task_062__sFZCAvb
062,Materials Science and Engineering,cbe,1,deepseek-locked89-k1-v2,1,17,17,1,1,infrastructure_failure,deepseek-flash,low,1795.9433914581314,114.55539616604801,0,0,5074445,65242,runs/deepseek-locked89-k1-v2/jobs/task-062-science/task_062__Xkmirc9
063,Biology,baseline,1,deepseek-locked89-k1-v2,0,9,18,1,1,completed,deepseek-flash,low,1424.8396476670168,0,0,0,7637148,91007,runs/deepseek-locked89-k1-v2/jobs/task-063-baseline/task_063__c7SsYLX
063,Biology,cbe,1,deepseek-locked89-k1-v2,0,7,18,1,1,infrastructure_failure,deepseek-flash,low,1791.9746353329392,393.6536876249593,1,0,0,0,runs/deepseek-locked89-k1-v2/jobs/task-063-science/task_063__R4Zirmw
064,Chemistry,baseline,1,deepseek-locked89-k1-v2,0,2,8,1,1,timeout,deepseek-flash,low,1799.9508185419254,0,0,0,3996249,76048,runs/deepseek-locked89-k1-v2/jobs/task-064-baseline/task_064__EgFEkdc
064,Chemistry,cbe,1,deepseek-locked89-k1-v2,0,2,8,1,1,infrastructure_failure,deepseek-flash,low,1799.102591541945,65.64936016697902,1,0,0,0,runs/deepseek-locked89-k1-v2/jobs/task-064-science/task_064__TEijAgo
065,Astronomy,baseline,1,deepseek-locked89-k1-v2,0,6,7,1,1,completed,deepseek-flash,low,1435.8769256670494,0,0,0,2899106,35860,runs/deepseek-locked89-k1-v2/jobs/task-065-baseline/task_065__7Qsq3SF
065,Astronomy,cbe,1,deepseek-locked89-k1-v2,0,3,7,1,1,infrastructure_failure,deepseek-flash,low,1796.350602501072,329.65315833408386,0,0,2705680,20618,runs/deepseek-locked89-k1-v2/jobs/task-065-science/task_065__SC4hfhu
066,Atmospheric Science,baseline,1,deepseek-locked89-k1-v2,0,4,6,1,1,completed,deepseek-flash,low,1029.7811412089504,0,0,0,4184958,39330,runs/deepseek-locked89-k1-v2/jobs/task-066-baseline/task_066__ywELP5R
066,Atmospheric Science,cbe,1,deepseek-locked89-k1-v2,0,5,6,1,1,completed,deepseek-flash,low,1071.7504627080634,173.46593770803884,0,0,2316641,27663,runs/deepseek-locked89-k1-v2/jobs/task-066-science/task_066__SM776K6
067,Atmospheric Science,baseline,1,deepseek-locked89-k1-v2,1,6,6,1,1,completed,deepseek-flash,low,932.3280066249426,0,0,0,1670130,39863,runs/deepseek-locked89-k1-v2/jobs/task-067-baseline/task_067__JjNgN7M
067,Atmospheric Science,cbe,1,deepseek-locked89-k1-v2,1,6,6,1,1,completed,deepseek-flash,low,911.0226326250704,97.8051211660495,0,0,1910759,43555,runs/deepseek-locked89-k1-v2/jobs/task-067-science/task_067__oBUqD9f
068,Biology,baseline,1,deepseek-locked89-k1-v2,0,0,3,1,1,timeout,deepseek-flash,low,1799.326203375007,0,0,0,2612401,51073,runs/deepseek-locked89-k1-v2/jobs/task-068-baseline/task_068__RMN6S8N
068,Biology,cbe,1,deepseek-locked89-k1-v2,0,0,3,1,1,infrastructure_failure,deepseek-flash,low,1798.795575333992,195.34692554199137,1,0,0,0,runs/deepseek-locked89-k1-v2/jobs/task-068-science/task_068__kaPWyew
069,Biology,baseline,1,deepseek-locked89-k1-v2,1,4,4,1,1,completed,deepseek-flash,low,714.8884009589674,0,0,0,647295,11709,runs/deepseek-locked89-k1-v2/jobs/task-069-baseline/task_069__SbFtzwH
069,Biology,cbe,1,deepseek-locked89-k1-v2,1,4,4,1,1,completed,deepseek-flash,low,1114.0407591670519,244.4393594589783,0,0,1691101,20213,runs/deepseek-locked89-k1-v2/jobs/task-069-science/task_069__SJDLRmb
071,Physics,baseline,1,deepseek-locked89-k1-v2,0,1,5,1,1,timeout,deepseek-flash,low,1799.60066658305,0,0,0,11204168,128468,runs/deepseek-locked89-k1-v2/jobs/task-071-baseline/task_071__oDGc6TH
071,Physics,cbe,1,deepseek-locked89-k1-v2,0,2,5,1,1,infrastructure_failure,deepseek-flash,low,1798.8736654170789,256.70970975002274,0,0,8465206,85286,runs/deepseek-locked89-k1-v2/jobs/task-071-science/task_071__oR9nSFs
072,Biomedical Engineering,baseline,1,deepseek-locked89-k1-v2,0,5,7,1,1,completed,deepseek-flash,low,1006.7801486660028,0,0,0,4907070,71296,runs/deepseek-locked89-k1-v2/jobs/task-072-baseline/task_072__cuy9dkR
072,Biomedical Engineering,cbe,1,deepseek-locked89-k1-v2,0,4,7,1,1,completed,deepseek-flash,low,1496.4878800000297,155.26872237503994,0,0,8276521,95584,runs/deepseek-locked89-k1-v2/jobs/task-072-science/task_072__PMg3nmb
074,Materials Science and Engineering,baseline,1,deepseek-locked89-k1-v2,0,9,10,1,1,completed,deepseek-flash,low,904.5031909169629,0,0,0,1344629,34520,runs/deepseek-locked89-k1-v2/jobs/task-074-baseline/task_074__RJs3Uyj
074,Materials Science and Engineering,cbe,1,deepseek-locked89-k1-v2,1,10,10,1,1,completed,deepseek-flash,low,770.9671402919339,85.51240895898081,0,0,1912444,35680,runs/deepseek-locked89-k1-v2/jobs/task-074-science/task_074__5kSnD3N
075,Materials Science and Engineering,baseline,1,deepseek-locked89-k1-v2,0,1,8,1,1,timeout,deepseek-flash,low,1799.0351319160545,0,0,0,2201361,71816,runs/deepseek-locked89-k1-v2/jobs/task-075-baseline/task_075__s6sHQUR
075,Materials Science and Engineering,cbe,1,deepseek-locked89-k1-v2,0,1,8,1,1,completed,deepseek-flash,low,1670.2634746249532,68.43452912499197,0,0,3758739,83732,runs/deepseek-locked89-k1-v2/jobs/task-075-science/task_075__D2Q2ujs
079,Chemistry,baseline,1,deepseek-locked89-k1-v2,0,13,14,1,1,completed,deepseek-flash,low,702.6180549999699,0,0,0,2953630,83537,runs/deepseek-locked89-k1-v2/jobs/task-079-baseline/task_079__NiiRu5N
079,Chemistry,cbe,1,deepseek-locked89-k1-v2,0,13,14,1,1,completed,deepseek-flash,low,1151.2403153330088,60.0056402500486,0,0,6285387,112276,runs/deepseek-locked89-k1-v2/jobs/task-079-science/task_079__pQu8pht
081,Biology,baseline,1,deepseek-locked89-k1-v2,1,5,5,1,1,completed,deepseek-flash,low,1193.3694014170906,0,0,0,2636899,47719,runs/deepseek-locked89-k1-v2/jobs/task-081-baseline/task_081__9pGUHNh
081,Biology,cbe,1,deepseek-locked89-k1-v2,1,5,5,1,1,completed,deepseek-flash,low,1121.9611249159789,84.8880346249789,0,0,4045818,42445,runs/deepseek-locked89-k1-v2/jobs/task-081-science/task_081__w7Hg8EF
082,Materials Science and Engineering,baseline,1,deepseek-locked89-k1-v2,0,1,7,1,1,completed,deepseek-flash,low,209.785107707954,0,0,0,368086,18606,runs/deepseek-locked89-k1-v2/jobs/task-082-baseline/task_082__qbAWY9y
082,Materials Science and Engineering,cbe,1,deepseek-locked89-k1-v2,0,1,7,1,1,completed,deepseek-flash,low,329.15805845789146,51.242099415976554,0,0,760545,24080,runs/deepseek-locked89-k1-v2/jobs/task-082-science/task_082__UfkXCf8
083,Chemistry,baseline,1,deepseek-locked89-k1-v2,0,1,3,1,1,timeout,deepseek-flash,low,1799.0262439999497,0,0,0,6135659,65314,runs/deepseek-locked89-k1-v2/jobs/task-083-baseline/task_083__uTyGzzm
083,Chemistry,cbe,1,deepseek-locked89-k1-v2,0,1,3,1,1,infrastructure_failure,deepseek-flash,low,1798.0388227070216,81.05321816599462,0,0,6181356,51834,runs/deepseek-locked89-k1-v2/jobs/task-083-science/task_083__bdicnVc
084,Materials Science and Engineering,baseline,1,deepseek-locked89-k1-v2,0,5,7,1,1,completed,deepseek-flash,low,668.0056558329379,0,0,0,3232238,52680,runs/deepseek-locked89-k1-v2/jobs/task-084-baseline/task_084__n7WjXvY
084,Materials Science and Engineering,cbe,1,deepseek-locked89-k1-v2,1,7,7,1,1,completed,deepseek-flash,low,624.4022205839865,31.724971709074453,0,0,3321753,43260,runs/deepseek-locked89-k1-v2/jobs/task-084-science/task_084__t53Mf5R
085,Chemistry,baseline,1,deepseek-locked89-k1-v2,0,3,10,1,1,timeout,deepseek-flash,low,1799.0880689580226,0,0,0,2519797,25064,runs/deepseek-locked89-k1-v2/jobs/task-085-baseline/task_085__FeNDr2J
085,Chemistry,cbe,1,deepseek-locked89-k1-v2,0,3,10,1,0,infrastructure_failure,deepseek-flash,low,1798.157796875923,34.64623195899185,1,0,0,0,runs/deepseek-locked89-k1-v2/jobs/task-085-science/task_085__yzyKi2Z
086,Materials Science and Engineering,baseline,1,deepseek-locked89-k1-v2,0,3,4,1,1,completed,deepseek-flash,low,931.4196376670152,0,0,0,1054340,16832,runs/deepseek-locked89-k1-v2/jobs/task-086-baseline/task_086__VRDbmEu
086,Materials Science and Engineering,cbe,1,deepseek-locked89-k1-v2,0,3,4,1,1,completed,deepseek-flash,low,683.3293597920565,140.74330375005957,0,0,720608,11156,runs/deepseek-locked89-k1-v2/jobs/task-086-science/task_086__TdRQCbM
087,Biomedical Engineering,baseline,1,deepseek-locked89-k1-v2,1,5,5,1,1,timeout,deepseek-flash,low,1799.0311109580798,0,0,0,2437529,56738,runs/deepseek-locked89-k1-v2/jobs/task-087-baseline/task_087__gFzJWvi
087,Biomedical Engineering,cbe,1,deepseek-locked89-k1-v2,0,0,5,1,1,completed,deepseek-flash,low,853.3561018339824,62.88484158401843,0,0,2865980,48661,runs/deepseek-locked89-k1-v2/jobs/task-087-science/task_087__no9k4Mx
088,Atmospheric Science,baseline,1,deepseek-locked89-k1-v2,0,3,5,1,1,timeout,deepseek-flash,low,1799.9071333329193,0,0,0,1313037,20910,runs/deepseek-locked89-k1-v2/jobs/task-088-baseline/task_088__Af6GZix
088,Atmospheric Science,cbe,1,deepseek-locked89-k1-v2,0,3,5,1,1,infrastructure_failure,deepseek-flash,low,1796.634365376085,107.3505147920223,0,0,932494,17387,runs/deepseek-locked89-k1-v2/jobs/task-088-science/task_088__3ChiHhv
089,Chemistry,baseline,1,deepseek-locked89-k1-v2,0,3,4,1,1,completed,deepseek-flash,low,968.8477705839323,0,0,0,2843863,61994,runs/deepseek-locked89-k1-v2/jobs/task-089-baseline/task_089__G4jZZjC
089,Chemistry,cbe,1,deepseek-locked89-k1-v2,0,3,4,1,1,completed,deepseek-flash,low,655.0004219169496,46.97238808393013,0,0,1099767,22461,runs/deepseek-locked89-k1-v2/jobs/task-089-science/task_089__ixnQRCv
090,Chemistry,baseline,1,deepseek-locked89-k1-v2,0,5,6,1,1,timeout,deepseek-flash,low,1799.4904541249853,0,0,0,3089332,72091,runs/deepseek-locked89-k1-v2/jobs/task-090-baseline/task_090__25piZQW
090,Chemistry,cbe,1,deepseek-locked89-k1-v2,0,3,6,1,1,completed,deepseek-flash,low,807.5880095829489,84.31715954095125,0,0,1417344,37925,runs/deepseek-locked89-k1-v2/jobs/task-090-science/task_090__ARNd6ZN
092,Chemistry,baseline,1,deepseek-locked89-k1-v2,0,8,9,1,1,completed,deepseek-flash,low,683.9082338749431,0,0,0,834950,24053,runs/deepseek-locked89-k1-v2/jobs/task-092-baseline/task_092__hG7r6dn
092,Chemistry,cbe,1,deepseek-locked89-k1-v2,0,7,9,1,1,completed,deepseek-flash,low,1196.7237082500942,100.96061495901085,0,0,1696388,30877,runs/deepseek-locked89-k1-v2/jobs/task-092-science/task_092__MXz62GD
093,Biomedical Engineering,baseline,1,deepseek-locked89-k1-v2,1,4,4,1,1,completed,deepseek-flash,low,847.989414166892,0,0,0,942244,41629,runs/deepseek-locked89-k1-v2/jobs/task-093-baseline/task_093__xM3Ngkk
093,Biomedical Engineering,cbe,1,deepseek-locked89-k1-v2,0,2,4,1,1,completed,deepseek-flash,low,977.5397490840405,65.83185545902234,0,0,833323,31883,runs/deepseek-locked89-k1-v2/jobs/task-093-science/task_093__VBun7MS
094,Physics,baseline,1,deepseek-locked89-k1-v2,0,0,5,1,1,completed,deepseek-flash,low,375.6623937500408,0,0,0,699439,27157,runs/deepseek-locked89-k1-v2/jobs/task-094-baseline/task_094__J7jjbsw
094,Physics,cbe,1,deepseek-locked89-k1-v2,0,0,5,1,1,completed,deepseek-flash,low,359.0914209160255,59.921197499963455,0,0,568150,20222,runs/deepseek-locked89-k1-v2/jobs/task-094-science/task_094__MRfqoGh
095,Materials Science and Engineering,baseline,1,deepseek-locked89-k1-v2,0,2,8,1,1,completed,deepseek-flash,low,491.3393075830536,0,0,0,912288,51965,runs/deepseek-locked89-k1-v2/jobs/task-095-baseline/task_095__28javVT
095,Materials Science and Engineering,cbe,1,deepseek-locked89-k1-v2,0,0,8,1,1,completed,deepseek-flash,low,461.23563162598293,45.45519558398519,0,0,1267963,26032,runs/deepseek-locked89-k1-v2/jobs/task-095-science/task_095__MMkR93w
096,Atmospheric Science,baseline,1,deepseek-locked89-k1-v2,0,5,8,1,1,completed,deepseek-flash,low,1278.2075617919909,0,0,0,1602637,53008,runs/deepseek-locked89-k1-v2/jobs/task-096-baseline/task_096__284a3Vr
096,Atmospheric Science,cbe,1,deepseek-locked89-k1-v2,0,5,8,1,1,completed,deepseek-flash,low,1137.0453921658918,34.70637737493962,0,0,2607462,45480,runs/deepseek-locked89-k1-v2/jobs/task-096-science/task_096__CAYWmEi
097,Physics,baseline,1,deepseek-locked89-k1-v2,0,0,7,1,1,completed,deepseek-flash,low,760.6527224169113,0,1,1,0,0,runs/deepseek-locked89-k1-v2/jobs/task-097-baseline/task_097__ZUR7Kb4
097,Physics,cbe,1,deepseek-locked89-k1-v2,0,0,7,1,1,completed,deepseek-flash,low,840.844768458046,101.00215733307414,0,0,852437,22322,runs/deepseek-locked89-k1-v2/jobs/task-097-science/task_097__HzywBBf
098,Surveying and Mapping Science and Technology,baseline,1,deepseek-locked89-k1-v2,1,11,11,1,1,completed,deepseek-flash,low,1556.5841670419322,0,0,0,3768927,86005,runs/deepseek-locked89-k1-v2/jobs/task-098-baseline/task_098__u654tgN
098,Surveying and Mapping Science and Technology,cbe,1,deepseek-locked89-k1-v2,0,8,11,1,1,completed,deepseek-flash,low,1399.4789246249711,88.96789554192219,0,0,2458044,48240,runs/deepseek-locked89-k1-v2/jobs/task-098-science/task_098__5ALcPtY
100,Chemistry,baseline,1,deepseek-locked89-k1-v2,0,7,8,1,1,timeout,deepseek-flash,low,1799.8724154579686,0,0,0,4856377,78284,runs/deepseek-locked89-k1-v2/jobs/task-100-baseline/task_100__sFwFbM8
100,Chemistry,cbe,1,deepseek-locked89-k1-v2,1,8,8,1,1,infrastructure_failure,deepseek-flash,low,1797.6419462499907,127.52222512499429,1,1,0,0,runs/deepseek-locked89-k1-v2/jobs/task-100-science/task_100__JHAetXe
101,Chemistry,baseline,1,deepseek-locked89-k1-v2,0,3,10,1,1,timeout,deepseek-flash,low,1799.022717416985,0,0,0,8553055,72555,runs/deepseek-locked89-k1-v2/jobs/task-101-baseline/task_101__uodqdgF
101,Chemistry,cbe,1,deepseek-locked89-k1-v2,0,3,10,1,1,infrastructure_failure,deepseek-flash,low,1796.5749977079686,497.3901197919622,1,0,0,0,runs/deepseek-locked89-k1-v2/jobs/task-101-science/task_101__DRMH3fr
102,Materials Science and Engineering,baseline,1,deepseek-locked89-k1-v2,0,3,4,1,1,timeout,deepseek-flash,low,1799.0111184170237,0,0,0,1606391,34152,runs/deepseek-locked89-k1-v2/jobs/task-102-baseline/task_102__6oUGatm
102,Materials Science and Engineering,cbe,1,deepseek-locked89-k1-v2,0,3,4,1,1,infrastructure_failure,deepseek-flash,low,1795.0684128339635,72.4554485839326,1,0,0,0,runs/deepseek-locked89-k1-v2/jobs/task-102-science/task_102__fm8pFfu
103,Mechanics,baseline,1,deepseek-locked89-k1-v2,0,2,4,1,1,completed,deepseek-flash,low,332.15471437503584,0,0,0,470080,10335,runs/deepseek-locked89-k1-v2/jobs/task-103-baseline/task_103__wYEhsTP
103,Mechanics,cbe,1,deepseek-locked89-k1-v2,1,4,4,1,1,completed,deepseek-flash,low,1108.4595461670542,88.74057500006165,0,0,2567152,41828,runs/deepseek-locked89-k1-v2/jobs/task-103-science/task_103__c7n8YcK
105,Chemistry,baseline,1,deepseek-locked89-k1-v2,0,2,4,1,1,timeout,deepseek-flash,low,1799.0146445829887,0,0,0,562318,7368,runs/deepseek-locked89-k1-v2/jobs/task-105-baseline/task_105__th4EByq
105,Chemistry,cbe,1,deepseek-locked89-k1-v2,0,2,4,1,1,infrastructure_failure,deepseek-flash,low,1796.1499286249746,76.19947700004559,0,0,2256094,22727,runs/deepseek-locked89-k1-v2/jobs/task-105-science/task_105__6xLoUTB
106,Chemistry,baseline,1,deepseek-locked89-k1-v2,1,37,37,1,1,timeout,deepseek-flash,low,1799.0076152080437,0,0,0,2809442,52744,runs/deepseek-locked89-k1-v2/jobs/task-106-baseline/task_106__WsCf4ao
106,Chemistry,cbe,1,deepseek-locked89-k1-v2,1,37,37,1,1,completed,deepseek-flash,low,1330.9304994590348,97.35817408410367,0,0,3238219,44750,runs/deepseek-locked89-k1-v2/jobs/task-106-science/task_106__BpfhohB
107,Mathematics,baseline,1,deepseek-locked89-k1-v2,0,0,3,1,1,timeout,deepseek-flash,low,1799.013240207918,0,0,0,2349033,51632,runs/deepseek-locked89-k1-v2/jobs/task-107-baseline/task_107__tTYF46V
107,Mathematics,cbe,1,deepseek-locked89-k1-v2,0,0,3,1,1,infrastructure_failure,deepseek-flash,low,1798.6831341240322,156.05131495802198,1,0,0,0,runs/deepseek-locked89-k1-v2/jobs/task-107-science/task_107__MMoo5LS
108,Mathematics,baseline,1,deepseek-locked89-k1-v2,1,23,23,1,1,timeout,deepseek-flash,low,1800.0220975000411,0,1,0,0,0,runs/deepseek-locked89-k1-v2/jobs/task-108-baseline/task_108__wSxNiJr
108,Mathematics,cbe,1,deepseek-locked89-k1-v2,1,23,23,1,1,infrastructure_failure,deepseek-flash,low,1798.7310740409885,133.2515062079765,0,0,5279514,85570,runs/deepseek-locked89-k1-v2/jobs/task-108-science/task_108__22LeoXs
109,Mechanics,baseline,1,deepseek-locked89-k1-v2,0,1,6,1,1,timeout,deepseek-flash,low,1798.9734873319976,0,1,1,0,0,runs/deepseek-locked89-k1-v2/jobs/task-109-baseline/task_109__geS8n7b
109,Mechanics,cbe,1,deepseek-locked89-k1-v2,0,1,6,1,1,completed,deepseek-flash,low,1285.1473935410613,307.5364032910438,0,0,1231648,12489,runs/deepseek-locked89-k1-v2/jobs/task-109-science/task_109__B7apxiZ
110,Civil Engineering,baseline,1,deepseek-locked89-k1-v2,0,4,10,1,1,completed,deepseek-flash,low,1197.204762874986,0,0,0,2823597,42965,runs/deepseek-locked89-k1-v2/jobs/task-110-baseline/task_110__AMgYzz7
110,Civil Engineering,cbe,1,deepseek-locked89-k1-v2,0,4,10,1,1,completed,deepseek-flash,low,1472.781365999952,308.46333258296363,0,0,3428955,38207,runs/deepseek-locked89-k1-v2/jobs/task-110-science/task_110__FAvrqKY
111,Mechanics,baseline,1,deepseek-locked89-k1-v2,0,6,10,1,1,completed,deepseek-flash,low,1489.103642999893,0,0,0,6526735,58473,runs/deepseek-locked89-k1-v2/jobs/task-111-baseline/task_111__D2eSPdi
111,Mechanics,cbe,1,deepseek-locked89-k1-v2,0,6,10,1,1,completed,deepseek-flash,low,1097.683868791908,331.50808391696773,0,0,2778982,29638,runs/deepseek-locked89-k1-v2/jobs/task-111-science/task_111__GQHwaVh
112,Civil Engineering,baseline,1,deepseek-locked89-k1-v2,1,5,5,1,1,completed,deepseek-flash,low,813.9143157500075,0,0,0,1038449,28540,runs/deepseek-locked89-k1-v2/jobs/task-112-baseline/task_112__NNg2UY3
112,Civil Engineering,cbe,1,deepseek-locked89-k1-v2,1,5,5,1,1,completed,deepseek-flash,low,808.294536291156,181.50999933306593,1,1,0,0,runs/deepseek-locked89-k1-v2/jobs/task-112-science/task_112__2JTQFAT
113,Electrical Engineering,baseline,1,deepseek-locked89-k1-v2,0,7,13,1,1,completed,deepseek-flash,low,497.21130666695535,0,0,0,952494,18192,runs/deepseek-locked89-k1-v2/jobs/task-113-baseline/task_113__UQcFEBc
113,Electrical Engineering,cbe,1,deepseek-locked89-k1-v2,0,7,13,1,1,completed,deepseek-flash,low,584.276092083077,69.63040854106657,0,0,1052110,16277,runs/deepseek-locked89-k1-v2/jobs/task-113-science/task_113__x2VzzHW
115,Civil Engineering,baseline,1,deepseek-locked89-k1-v2,1,97,97,1,1,completed,deepseek-flash,low,698.2758610830642,0,1,1,0,0,runs/deepseek-locked89-k1-v2/jobs/task-115-baseline/task_115__HataLDX
115,Civil Engineering,cbe,1,deepseek-locked89-k1-v2,1,97,97,1,1,completed,deepseek-flash,low,982.3374279169366,80.07672704197466,0,0,4477029,42161,runs/deepseek-locked89-k1-v2/jobs/task-115-science/task_115__4Ku9H7x
116,Civil Engineering,baseline,1,deepseek-locked89-k1-v2,0,85,93,1,1,completed,deepseek-flash,low,1132.089337375015,0,0,0,4949503,69021,runs/deepseek-locked89-k1-v2/jobs/task-116-baseline/task_116__CUhdjjF
116,Civil Engineering,cbe,1,deepseek-locked89-k1-v2,0,85,93,1,1,completed,deepseek-flash,low,1247.367386332946,74.62534237501677,0,0,5580369,62531,runs/deepseek-locked89-k1-v2/jobs/task-116-science/task_116__uMRTzuz
117,Civil Engineering,baseline,1,deepseek-locked89-k1-v2,0,2,6,1,1,completed,deepseek-flash,low,1051.596707791905,0,0,0,6319807,58755,runs/deepseek-locked89-k1-v2/jobs/task-117-baseline/task_117__ATe9JEq
117,Civil Engineering,cbe,1,deepseek-locked89-k1-v2,0,2,6,1,1,completed,deepseek-flash,low,912.1796837080037,89.9084454580443,0,0,5735012,36369,runs/deepseek-locked89-k1-v2/jobs/task-117-science/task_117__3PPMAaH
118,Chemistry,baseline,1,deepseek-locked89-k1-v2,0,5,9,1,1,timeout,deepseek-flash,low,1799.0034965000814,0,0,0,1222867,11730,runs/deepseek-locked89-k1-v2/jobs/task-118-baseline/task_118__t2fuvJ6
118,Chemistry,cbe,1,deepseek-locked89-k1-v2,0,5,9,1,1,infrastructure_failure,deepseek-flash,low,1798.2724230410531,62.750951625057496,1,0,0,0,runs/deepseek-locked89-k1-v2/jobs/task-118-science/task_118__w5zMcEf
003,Materials Science and Engineering,baseline,2,deepseek-locked89-k2-v2,0,3,6,1,1,completed,deepseek-flash,low,303.9169085000176,0,0,0,1520640,29697,runs/deepseek-locked89-k2-v2/jobs/task-003-baseline/task_003__c4F9ivj
003,Materials Science and Engineering,cbe,2,deepseek-locked89-k2-v2,0,3,6,1,1,completed,deepseek-flash,low,385.0003572499845,9.67170520790387,0,0,3752082,38496,runs/deepseek-locked89-k2-v2/jobs/task-003-science/task_003__CZTGUTx
007,Biomedical Engineering,baseline,2,deepseek-locked89-k2-v2,1,6,6,1,1,completed,deepseek-flash,low,937.0767218329711,0,0,0,3389040,69493,runs/deepseek-locked89-k2-v2/jobs/task-007-baseline/task_007__74Kt8nu
007,Biomedical Engineering,cbe,2,deepseek-locked89-k2-v2,1,6,6,1,1,completed,deepseek-flash,low,1700.9951424580067,8.051904499996454,0,0,9008472,127113,runs/deepseek-locked89-k2-v2/jobs/task-007-science/task_007__zAujKQW
011,Physics,baseline,2,deepseek-locked89-k2-v2,0,3,5,1,1,completed,deepseek-flash,low,522.5416842499981,0,0,0,3529351,74276,runs/deepseek-locked89-k2-v2/jobs/task-011-baseline/task_011__7bVGFCj
011,Physics,cbe,2,deepseek-locked89-k2-v2,0,3,5,1,1,completed,deepseek-flash,low,574.8477030420909,6.230130042065866,0,0,5912747,70265,runs/deepseek-locked89-k2-v2/jobs/task-011-science/task_011__H5VWEEB
012,Physics,baseline,2,deepseek-locked89-k2-v2,0,9,10,1,1,completed,deepseek-flash,low,194.20914345793426,0,0,0,787314,26598,runs/deepseek-locked89-k2-v2/jobs/task-012-baseline/task_012__8RjsH8Q
012,Physics,cbe,2,deepseek-locked89-k2-v2,0,8,10,1,1,completed,deepseek-flash,low,142.35219533287454,5.707452915958129,0,0,1061083,13435,runs/deepseek-locked89-k2-v2/jobs/task-012-science/task_012__j5hYinW
013,Physics,baseline,2,deepseek-locked89-k2-v2,1,5,5,1,1,completed,deepseek-flash,low,84.99501179205254,0,0,0,316883,9889,runs/deepseek-locked89-k2-v2/jobs/task-013-baseline/task_013__buBoQoM
013,Physics,cbe,2,deepseek-locked89-k2-v2,1,5,5,1,1,completed,deepseek-flash,low,112.66933229099959,7.003196666017175,0,0,970068,8355,runs/deepseek-locked89-k2-v2/jobs/task-013-science/task_013__iKH3Fop
015,Biomedical Engineering,baseline,2,deepseek-locked89-k2-v2,1,31,31,1,1,completed,deepseek-flash,low,785.6435694169486,0,0,0,5676925,67929,runs/deepseek-locked89-k2-v2/jobs/task-015-baseline/task_015__mBcEweN
015,Biomedical Engineering,cbe,2,deepseek-locked89-k2-v2,1,31,31,1,1,completed,deepseek-flash,low,1389.4651802489534,6.204697957960889,0,0,2866041,57342,runs/deepseek-locked89-k2-v2/jobs/task-015-science/task_015__VYpRvJW
017,Astronomy,baseline,2,deepseek-locked89-k2-v2,0,10,12,1,1,timeout,deepseek-flash,low,1799.029893458006,0,0,0,1543179,52116,runs/deepseek-locked89-k2-v2/jobs/task-017-baseline/task_017__mGqLptJ
017,Astronomy,cbe,2,deepseek-locked89-k2-v2,0,10,12,1,1,infrastructure_failure,deepseek-flash,low,1799.2949412919115,24.925287666963413,0,0,4306720,78198,runs/deepseek-locked89-k2-v2/jobs/task-017-science/task_017__5fVAcTY
018,Biology,baseline,2,deepseek-locked89-k2-v2,0,5,5,1,1,completed,deepseek-flash,low,554.5006847920595,0,0,0,1796100,31394,runs/deepseek-locked89-k2-v2/jobs/task-018-baseline/task_018__Be6gCzy
018,Biology,cbe,2,deepseek-locked89-k2-v2,0,0,5,1,1,completed,deepseek-flash,low,1725.6003047919367,244.0880608339794,0,0,1317172,15912,runs/deepseek-locked89-k2-v2/jobs/task-018-science/task_018__gwzdXg3
020,Materials Science and Engineering,baseline,2,deepseek-locked89-k2-v2,0,10,12,1,1,completed,deepseek-flash,low,354.67489341599867,0,0,0,1535695,51641,runs/deepseek-locked89-k2-v2/jobs/task-020-baseline/task_020__XDBrJ9D
020,Materials Science and Engineering,cbe,2,deepseek-locked89-k2-v2,1,12,12,1,1,completed,deepseek-flash,low,394.6205473750597,4.682973167044111,0,0,1468035,44174,runs/deepseek-locked89-k2-v2/jobs/task-020-science/task_020__iHTr7gd
021,Chemistry,baseline,2,deepseek-locked89-k2-v2,0,13,15,1,1,completed,deepseek-flash,low,350.02390029199887,0,0,0,1920260,45341,runs/deepseek-locked89-k2-v2/jobs/task-021-baseline/task_021__ZsEkJdq
021,Chemistry,cbe,2,deepseek-locked89-k2-v2,0,7,15,1,1,completed,deepseek-flash,low,1580.458050249028,9.576776916044764,0,0,6593219,64185,runs/deepseek-locked89-k2-v2/jobs/task-021-science/task_021__yaLHL5s
022,Biomedical Engineering,baseline,2,deepseek-locked89-k2-v2,1,12,12,1,1,completed,deepseek-flash,low,1709.0135911250254,0,0,0,7597480,52412,runs/deepseek-locked89-k2-v2/jobs/task-022-baseline/task_022__MGv3gr9
022,Biomedical Engineering,cbe,2,deepseek-locked89-k2-v2,0,11,12,1,1,infrastructure_failure,deepseek-flash,low,1799.3208093330031,16.58528087497689,1,1,0,0,runs/deepseek-locked89-k2-v2/jobs/task-022-science/task_022__HWUx6zE
023,Chemistry,baseline,2,deepseek-locked89-k2-v2,1,8,8,1,1,completed,deepseek-flash,low,623.0769048340153,0,0,0,2024294,46779,runs/deepseek-locked89-k2-v2/jobs/task-023-baseline/task_023__JnkDKuf
023,Chemistry,cbe,2,deepseek-locked89-k2-v2,1,8,8,1,1,completed,deepseek-flash,low,653.7712034168653,17.530202999943867,0,0,2495027,46107,runs/deepseek-locked89-k2-v2/jobs/task-023-science/task_023__XuEgznf
026,Atmospheric Science,baseline,2,deepseek-locked89-k2-v2,1,9,9,1,1,completed,deepseek-flash,low,572.3681577499956,0,0,0,2189916,42417,runs/deepseek-locked89-k2-v2/jobs/task-026-baseline/task_026__CaiooUM
026,Atmospheric Science,cbe,2,deepseek-locked89-k2-v2,1,9,9,1,1,completed,deepseek-flash,low,586.3657477919478,21.202628541970626,0,0,3598658,28726,runs/deepseek-locked89-k2-v2/jobs/task-026-science/task_026__H5WuWXc
029,Biology,baseline,2,deepseek-locked89-k2-v2,0,14,29,1,1,timeout,deepseek-flash,low,1799.0870872500818,0,0,0,13131300,171739,runs/deepseek-locked89-k2-v2/jobs/task-029-baseline/task_029__c5viqRr
029,Biology,cbe,2,deepseek-locked89-k2-v2,0,14,29,1,1,infrastructure_failure,deepseek-flash,low,1799.3334118340863,25.908160209073685,1,0,0,0,runs/deepseek-locked89-k2-v2/jobs/task-029-science/task_029__tdkeCwT
030,Materials Science and Engineering,baseline,2,deepseek-locked89-k2-v2,1,10,10,1,1,completed,deepseek-flash,low,251.7487092500087,0,0,0,736154,19156,runs/deepseek-locked89-k2-v2/jobs/task-030-baseline/task_030__bvVtPx2
030,Materials Science and Engineering,cbe,2,deepseek-locked89-k2-v2,1,10,10,1,1,completed,deepseek-flash,low,296.37607024994213,42.48467524989974,0,0,502613,14694,runs/deepseek-locked89-k2-v2/jobs/task-030-science/task_030__nbBKy87
031,Biomedical Engineering,baseline,2,deepseek-locked89-k2-v2,1,41,41,1,1,completed,deepseek-flash,low,568.6036631671013,0,0,0,2180628,37116,runs/deepseek-locked89-k2-v2/jobs/task-031-baseline/task_031__ZkL4AFA
031,Biomedical Engineering,cbe,2,deepseek-locked89-k2-v2,1,41,41,1,1,completed,deepseek-flash,low,663.5657102500554,56.46359904203564,0,0,2991233,41749,runs/deepseek-locked89-k2-v2/jobs/task-031-science/task_031__KLkF2Hx
032,Chemistry,baseline,2,deepseek-locked89-k2-v2,1,6,6,1,1,completed,deepseek-flash,low,622.1237373329932,0,0,0,2571124,53883,runs/deepseek-locked89-k2-v2/jobs/task-032-baseline/task_032__fvfib3Q
032,Chemistry,cbe,2,deepseek-locked89-k2-v2,1,6,6,1,1,completed,deepseek-flash,low,554.9932742088567,27.97557391691953,0,0,1603065,32936,runs/deepseek-locked89-k2-v2/jobs/task-032-science/task_032__zQSuQvo
033,Materials Science and Engineering,baseline,2,deepseek-locked89-k2-v2,0,5,10,1,1,timeout,deepseek-flash,low,1799.049358749995,0,0,0,290379,12036,runs/deepseek-locked89-k2-v2/jobs/task-033-baseline/task_033__BSGgwVP
033,Materials Science and Engineering,cbe,2,deepseek-locked89-k2-v2,0,6,10,1,1,infrastructure_failure,deepseek-flash,low,1799.3128017920535,52.65371720807161,0,0,3009209,35392,runs/deepseek-locked89-k2-v2/jobs/task-033-science/task_033__XXetJJn
034,Mathematics,baseline,2,deepseek-locked89-k2-v2,0,1,8,1,1,timeout,deepseek-flash,low,1799.1033121249638,0,0,0,1756806,36784,runs/deepseek-locked89-k2-v2/jobs/task-034-baseline/task_034__sLoCxZR
034,Mathematics,cbe,2,deepseek-locked89-k2-v2,0,1,8,1,1,infrastructure_failure,deepseek-flash,low,1799.3258813340217,36.46746641700156,0,0,1004508,35343,runs/deepseek-locked89-k2-v2/jobs/task-034-science/task_034__9GJ6vHr
035,Mathematics,baseline,2,deepseek-locked89-k2-v2,0,8,14,1,1,completed,deepseek-flash,low,1720.9285902919946,0,0,0,3641751,62685,runs/deepseek-locked89-k2-v2/jobs/task-035-baseline/task_035__eak8Mv4
035,Mathematics,cbe,2,deepseek-locked89-k2-v2,0,8,14,1,1,infrastructure_failure,deepseek-flash,low,1798.6176173329586,20.0571022919612,0,0,4473667,69189,runs/deepseek-locked89-k2-v2/jobs/task-035-science/task_035__7jY3yWg
036,Marine Science,baseline,2,deepseek-locked89-k2-v2,0,8,9,1,1,completed,deepseek-flash,low,1396.529376749997,0,0,0,8450081,79299,runs/deepseek-locked89-k2-v2/jobs/task-036-baseline/task_036__4QyUNJT
036,Marine Science,cbe,2,deepseek-locked89-k2-v2,0,6,9,1,1,completed,deepseek-flash,low,1664.8107246248983,27.417174082947895,0,0,9108431,92681,runs/deepseek-locked89-k2-v2/jobs/task-036-science/task_036__eFunwgn
037,Biomedical Engineering,baseline,2,deepseek-locked89-k2-v2,0,3,13,1,1,timeout,deepseek-flash,low,1799.7382554579526,0,0,0,4669591,97406,runs/deepseek-locked89-k2-v2/jobs/task-037-baseline/task_037__ko3irMU
037,Biomedical Engineering,cbe,2,deepseek-locked89-k2-v2,0,3,13,1,1,infrastructure_failure,deepseek-flash,low,1798.5442916251486,32.158744125044905,0,0,8633008,117630,runs/deepseek-locked89-k2-v2/jobs/task-037-science/task_037__H6M5Htm
038,Materials Science and Engineering,baseline,2,deepseek-locked89-k2-v2,0,4,15,1,1,timeout,deepseek-flash,low,1800.084249125095,0,1,0,0,0,runs/deepseek-locked89-k2-v2/jobs/task-038-baseline/task_038__NJJvJJT
038,Materials Science and Engineering,cbe,2,deepseek-locked89-k2-v2,0,4,15,1,1,infrastructure_failure,deepseek-flash,low,1792.49038987502,103.04964145796839,0,0,8823314,89416,runs/deepseek-locked89-k2-v2/jobs/task-038-science/task_038__RZb3HTF
039,Geography,baseline,2,deepseek-locked89-k2-v2,0,4,11,1,1,timeout,deepseek-flash,low,1799.0847744590137,0,0,0,977406,12556,runs/deepseek-locked89-k2-v2/jobs/task-039-baseline/task_039__Hn2A6TN
039,Geography,cbe,2,deepseek-locked89-k2-v2,0,4,11,1,1,infrastructure_failure,deepseek-flash,low,1799.2128987078322,79.46854783291928,1,0,0,0,runs/deepseek-locked89-k2-v2/jobs/task-039-science/task_039__s8cQmTV
040,Geophysics,baseline,2,deepseek-locked89-k2-v2,0,0,3,1,1,timeout,deepseek-flash,low,1799.0442149169976,0,0,0,950826,11429,runs/deepseek-locked89-k2-v2/jobs/task-040-baseline/task_040__QCVruTC
040,Geophysics,cbe,2,deepseek-locked89-k2-v2,0,0,3,1,1,infrastructure_failure,deepseek-flash,low,1798.993508417043,303.1646533750463,0,0,240459,8137,runs/deepseek-locked89-k2-v2/jobs/task-040-science/task_040__zE2qh4o
041,Geophysics,baseline,2,deepseek-locked89-k2-v2,0,8,24,1,1,timeout,deepseek-flash,low,1799.9981167080114,0,0,0,9445868,104701,runs/deepseek-locked89-k2-v2/jobs/task-041-baseline/task_041__5JuNoKE
041,Geophysics,cbe,2,deepseek-locked89-k2-v2,0,3,24,1,1,infrastructure_failure,deepseek-flash,low,1798.1689822919434,65.45633754204027,1,0,0,0,runs/deepseek-locked89-k2-v2/jobs/task-041-science/task_041__EndaEuq
042,Astronomy,baseline,2,deepseek-locked89-k2-v2,0,15,16,1,1,completed,deepseek-flash,low,1765.0998049159534,0,0,0,6215480,61000,runs/deepseek-locked89-k2-v2/jobs/task-042-baseline/task_042__Mzt7HSS
042,Astronomy,cbe,2,deepseek-locked89-k2-v2,0,7,16,1,1,infrastructure_failure,deepseek-flash,low,1797.4636369168293,38.22859799989965,0,0,5462291,60501,runs/deepseek-locked89-k2-v2/jobs/task-042-science/task_042__ji7YcH7
043,Materials Science and Engineering,baseline,2,deepseek-locked89-k2-v2,0,4,8,1,1,completed,deepseek-flash,low,1778.4898831250612,0,0,0,2514054,76969,runs/deepseek-locked89-k2-v2/jobs/task-043-baseline/task_043__XUmrP4F
043,Materials Science and Engineering,cbe,2,deepseek-locked89-k2-v2,0,4,8,1,1,completed,deepseek-flash,low,1554.7042916669743,85.39748591696844,0,0,3657648,54754,runs/deepseek-locked89-k2-v2/jobs/task-043-science/task_043__mGgkXtQ
044,Chemistry,baseline,2,deepseek-locked89-k2-v2,0,14,15,1,1,completed,deepseek-flash,low,1098.6812857500045,0,0,0,2117593,37200,runs/deepseek-locked89-k2-v2/jobs/task-044-baseline/task_044__66zmuRf
044,Chemistry,cbe,2,deepseek-locked89-k2-v2,0,8,15,1,1,completed,deepseek-flash,low,1420.095474458998,124.0205210839631,0,0,3450144,47102,runs/deepseek-locked89-k2-v2/jobs/task-044-science/task_044__iBM8xCH
046,Astronomy,baseline,2,deepseek-locked89-k2-v2,0,6,10,1,1,completed,deepseek-flash,low,1195.9469595000846,0,0,0,4059618,56665,runs/deepseek-locked89-k2-v2/jobs/task-046-baseline/task_046__LqbS9Dj
046,Astronomy,cbe,2,deepseek-locked89-k2-v2,0,6,10,1,1,completed,deepseek-flash,low,1395.230427792063,66.69517458300106,0,0,5527698,54415,runs/deepseek-locked89-k2-v2/jobs/task-046-science/task_046__BKrYaFz
047,Information and Communication Engineering,baseline,2,deepseek-locked89-k2-v2,0,4,7,1,1,timeout,deepseek-flash,low,1799.871913791052,0,0,0,10037067,88258,runs/deepseek-locked89-k2-v2/jobs/task-047-baseline/task_047__GpwVVK3
047,Information and Communication Engineering,cbe,2,deepseek-locked89-k2-v2,0,1,7,1,1,infrastructure_failure,deepseek-flash,low,1798.4275592090562,68.95856200007256,0,0,2349247,35143,runs/deepseek-locked89-k2-v2/jobs/task-047-science/task_047__kYKbDgv
048,Chemistry,baseline,2,deepseek-locked89-k2-v2,0,12,13,1,1,timeout,deepseek-flash,low,1799.031645250041,0,0,0,2868990,46118,runs/deepseek-locked89-k2-v2/jobs/task-048-baseline/task_048__LQXEGZM
048,Chemistry,cbe,2,deepseek-locked89-k2-v2,0,12,13,1,1,completed,deepseek-flash,low,1695.5823986259056,204.747551083914,0,0,5233026,53290,runs/deepseek-locked89-k2-v2/jobs/task-048-science/task_048__YZBy5gm
049,Mathematics,baseline,2,deepseek-locked89-k2-v2,0,11,13,1,1,timeout,deepseek-flash,low,1799.5536745409481,0,0,0,3977278,44556,runs/deepseek-locked89-k2-v2/jobs/task-049-baseline/task_049__NHqCSYt
049,Mathematics,cbe,2,deepseek-locked89-k2-v2,0,11,13,1,1,infrastructure_failure,deepseek-flash,low,1795.2635595420143,83.57563458406366,0,0,6439709,46901,runs/deepseek-locked89-k2-v2/jobs/task-049-science/task_049__jbvdR9c
050,Physics,baseline,2,deepseek-locked89-k2-v2,0,9,11,1,1,completed,deepseek-flash,low,1566.4694813339738,0,0,0,4835315,72280,runs/deepseek-locked89-k2-v2/jobs/task-050-baseline/task_050__pKq6UNU
050,Physics,cbe,2,deepseek-locked89-k2-v2,0,9,11,1,1,infrastructure_failure,deepseek-flash,low,1796.3182516669622,227.17189100000542,0,0,2249784,33154,runs/deepseek-locked89-k2-v2/jobs/task-050-science/task_050__TFrDSmY
052,Materials Science and Engineering,baseline,2,deepseek-locked89-k2-v2,0,8,16,1,1,timeout,deepseek-flash,low,1799.026352917077,0,0,0,5003759,47473,runs/deepseek-locked89-k2-v2/jobs/task-052-baseline/task_052__VKTegMt
052,Materials Science and Engineering,cbe,2,deepseek-locked89-k2-v2,0,8,16,1,1,infrastructure_failure,deepseek-flash,low,1798.4019127079519,73.30752245802432,0,0,3313453,41134,runs/deepseek-locked89-k2-v2/jobs/task-052-science/task_052__cobTWDY
053,Biomedical Engineering,baseline,2,deepseek-locked89-k2-v2,1,6,6,1,1,timeout,deepseek-flash,low,1799.0278927090112,0,0,0,3993005,97166,runs/deepseek-locked89-k2-v2/jobs/task-053-baseline/task_053__BkGDh2F
053,Biomedical Engineering,cbe,2,deepseek-locked89-k2-v2,0,5,6,1,1,infrastructure_failure,deepseek-flash,low,1798.2963398339925,103.54784854198806,1,0,0,0,runs/deepseek-locked89-k2-v2/jobs/task-053-science/task_053__YMihNpn
054,Chemistry,baseline,2,deepseek-locked89-k2-v2,0,3,7,1,1,timeout,deepseek-flash,low,1799.9052448329749,0,0,0,2682194,80760,runs/deepseek-locked89-k2-v2/jobs/task-054-baseline/task_054__qRmyTMX
054,Chemistry,cbe,2,deepseek-locked89-k2-v2,0,2,7,1,1,infrastructure_failure,deepseek-flash,low,1798.5304901669733,26.483944916981272,1,0,0,0,runs/deepseek-locked89-k2-v2/jobs/task-054-science/task_054__VCmYU8G
055,Astronomy,baseline,2,deepseek-locked89-k2-v2,0,10,18,1,1,completed,deepseek-flash,low,1594.4855141669977,0,0,0,5042498,68437,runs/deepseek-locked89-k2-v2/jobs/task-055-baseline/task_055__ZnnmQui
055,Astronomy,cbe,2,deepseek-locked89-k2-v2,0,8,18,1,1,completed,deepseek-flash,low,1734.2544789998792,69.5057681669714,0,0,10016076,64476,runs/deepseek-locked89-k2-v2/jobs/task-055-science/task_055__ktFFge6
056,Aeronautical and Astronautical Science and Technology,baseline,2,deepseek-locked89-k2-v2,1,10,10,1,1,completed,deepseek-flash,low,801.2523515000939,0,0,0,710135,8245,runs/deepseek-locked89-k2-v2/jobs/task-056-baseline/task_056__X2MFEAj
056,Aeronautical and Astronautical Science and Technology,cbe,2,deepseek-locked89-k2-v2,1,10,10,1,1,completed,deepseek-flash,low,1575.6608225830132,297.1192896249704,0,0,2221111,25975,runs/deepseek-locked89-k2-v2/jobs/task-056-science/task_056__yAf76Vz
057,Chemistry,baseline,2,deepseek-locked89-k2-v2,1,11,11,1,1,timeout,deepseek-flash,low,1799.0316908330424,0,0,0,2338285,69490,runs/deepseek-locked89-k2-v2/jobs/task-057-baseline/task_057__qS9Htk7
057,Chemistry,cbe,2,deepseek-locked89-k2-v2,1,11,11,1,1,infrastructure_failure,deepseek-flash,low,1795.60220820806,133.6008384580491,0,0,3782558,57543,runs/deepseek-locked89-k2-v2/jobs/task-057-science/task_057__6VEmjEn
059,Computer Science and Technology,baseline,2,deepseek-locked89-k2-v2,0,2,9,1,1,completed,deepseek-flash,low,623.7462376250187,0,0,0,1372910,31614,runs/deepseek-locked89-k2-v2/jobs/task-059-baseline/task_059__Yy3irA7
059,Computer Science and Technology,cbe,2,deepseek-locked89-k2-v2,0,2,9,1,1,completed,deepseek-flash,low,1095.2209477499127,75.0675076249754,0,0,3002208,55783,runs/deepseek-locked89-k2-v2/jobs/task-059-science/task_059__cHaBewQ
060,Biomedical Engineering,baseline,2,deepseek-locked89-k2-v2,0,4,11,1,1,completed,deepseek-flash,low,490.52876712498255,0,0,0,677047,12407,runs/deepseek-locked89-k2-v2/jobs/task-060-baseline/task_060__zhf4NjH
060,Biomedical Engineering,cbe,2,deepseek-locked89-k2-v2,0,4,11,1,1,completed,deepseek-flash,low,453.3641565418802,89.19267587491777,0,0,687284,10907,runs/deepseek-locked89-k2-v2/jobs/task-060-science/task_060__kccHrYf
062,Materials Science and Engineering,baseline,2,deepseek-locked89-k2-v2,1,17,17,1,1,timeout,deepseek-flash,low,1799.3614592088852,0,1,1,0,0,runs/deepseek-locked89-k2-v2/jobs/task-062-baseline/task_062__tetiDbq
062,Materials Science and Engineering,cbe,2,deepseek-locked89-k2-v2,1,17,17,1,1,infrastructure_failure,deepseek-flash,low,1797.8099517489318,177.62757454090752,0,0,10181857,54728,runs/deepseek-locked89-k2-v2/jobs/task-062-science/task_062__4Ljpn7L
063,Biology,baseline,2,deepseek-locked89-k2-v2,1,18,18,1,1,completed,deepseek-flash,low,1174.0193323330022,0,0,0,7651384,52081,runs/deepseek-locked89-k2-v2/jobs/task-063-baseline/task_063__LkKbejh
063,Biology,cbe,2,deepseek-locked89-k2-v2,0,9,18,1,1,timeout,deepseek-flash,low,1799.1375559999142,295.2901718330104,0,0,3421528,55808,runs/deepseek-locked89-k2-v2/jobs/task-063-science/task_063__PqrtqsU
064,Chemistry,baseline,2,deepseek-locked89-k2-v2,0,4,8,1,1,completed,deepseek-flash,low,1726.445028041955,0,0,0,6338767,84378,runs/deepseek-locked89-k2-v2/jobs/task-064-baseline/task_064__UQ2o4Fp
064,Chemistry,cbe,2,deepseek-locked89-k2-v2,0,4,8,1,1,completed,deepseek-flash,low,1032.5216918749502,52.08691691595595,0,0,5737607,60778,runs/deepseek-locked89-k2-v2/jobs/task-064-science/task_064__pEctfGr
065,Astronomy,baseline,2,deepseek-locked89-k2-v2,0,6,7,1,1,timeout,deepseek-flash,low,1799.0353927090764,0,0,0,6680043,50302,runs/deepseek-locked89-k2-v2/jobs/task-065-baseline/task_065__SA8XD2s
065,Astronomy,cbe,2,deepseek-locked89-k2-v2,0,6,7,1,1,infrastructure_failure,deepseek-flash,low,1797.5783618750283,288.99955920805223,0,0,7549817,44756,runs/deepseek-locked89-k2-v2/jobs/task-065-science/task_065__iZ6WYDS
066,Atmospheric Science,baseline,2,deepseek-locked89-k2-v2,0,5,6,1,1,completed,deepseek-flash,low,903.6446362499846,0,0,0,2722461,33181,runs/deepseek-locked89-k2-v2/jobs/task-066-baseline/task_066__WPjH73v
066,Atmospheric Science,cbe,2,deepseek-locked89-k2-v2,0,5,6,1,1,completed,deepseek-flash,low,1358.6341559169814,134.82038074999582,0,0,4113456,37407,runs/deepseek-locked89-k2-v2/jobs/task-066-science/task_066__bt2XJ5D
067,Atmospheric Science,baseline,2,deepseek-locked89-k2-v2,1,6,6,1,1,completed,deepseek-flash,low,603.6623097909614,0,0,0,1050668,33620,runs/deepseek-locked89-k2-v2/jobs/task-067-baseline/task_067__FJP7WK6
067,Atmospheric Science,cbe,2,deepseek-locked89-k2-v2,1,6,6,1,1,completed,deepseek-flash,low,909.3923813329311,73.10140687495004,0,0,1302618,34991,runs/deepseek-locked89-k2-v2/jobs/task-067-science/task_067__TkmsitR
068,Biology,baseline,2,deepseek-locked89-k2-v2,0,0,3,1,1,timeout,deepseek-flash,low,1799.0095024579205,0,0,0,2405818,45236,runs/deepseek-locked89-k2-v2/jobs/task-068-baseline/task_068__uAXYFNZ
068,Biology,cbe,2,deepseek-locked89-k2-v2,0,0,3,1,1,infrastructure_failure,deepseek-flash,low,1798.6790939589264,71.38355637493078,0,0,1631564,24035,runs/deepseek-locked89-k2-v2/jobs/task-068-science/task_068__nQ8sb54
069,Biology,baseline,2,deepseek-locked89-k2-v2,1,4,4,1,1,completed,deepseek-flash,low,762.7756207920611,0,0,0,1250083,16652,runs/deepseek-locked89-k2-v2/jobs/task-069-baseline/task_069__gCZtnKW
069,Biology,cbe,2,deepseek-locked89-k2-v2,1,4,4,1,1,completed,deepseek-flash,low,872.1549997488037,100.00804020790383,0,0,917248,11610,runs/deepseek-locked89-k2-v2/jobs/task-069-science/task_069__mD87rdC
071,Physics,baseline,2,deepseek-locked89-k2-v2,0,2,5,1,1,timeout,deepseek-flash,low,1800.0276934999274,0,1,0,0,0,runs/deepseek-locked89-k2-v2/jobs/task-071-baseline/task_071__cRC5AWu
071,Physics,cbe,2,deepseek-locked89-k2-v2,0,2,5,1,1,infrastructure_failure,deepseek-flash,low,1795.891061251983,171.796488958993,1,1,0,0,runs/deepseek-locked89-k2-v2/jobs/task-071-science/task_071__RbgXSfZ
072,Biomedical Engineering,baseline,2,deepseek-locked89-k2-v2,0,4,7,1,1,completed,deepseek-flash,low,758.6498984589707,0,0,0,3614287,49660,runs/deepseek-locked89-k2-v2/jobs/task-072-baseline/task_072__ZBUXEoB
072,Biomedical Engineering,cbe,2,deepseek-locked89-k2-v2,0,4,7,1,1,completed,deepseek-flash,low,992.2765232080128,53.940523291006684,0,0,5665112,59509,runs/deepseek-locked89-k2-v2/jobs/task-072-science/task_072__tNC6aEH
074,Materials Science and Engineering,baseline,2,deepseek-locked89-k2-v2,0,9,10,1,1,completed,deepseek-flash,low,755.9992964999983,0,0,0,1263690,34242,runs/deepseek-locked89-k2-v2/jobs/task-074-baseline/task_074__Tg4hg7V
074,Materials Science and Engineering,cbe,2,deepseek-locked89-k2-v2,1,10,10,1,1,completed,deepseek-flash,low,1360.5438845000463,99.87598908296786,0,0,5473488,65144,runs/deepseek-locked89-k2-v2/jobs/task-074-science/task_074__P8NRXPt
075,Materials Science and Engineering,baseline,2,deepseek-locked89-k2-v2,0,1,8,1,1,timeout,deepseek-flash,low,1800.0276168750133,0,1,0,0,0,runs/deepseek-locked89-k2-v2/jobs/task-075-baseline/task_075__CGDMiQP
075,Materials Science and Engineering,cbe,2,deepseek-locked89-k2-v2,0,1,8,1,1,completed,deepseek-flash,low,795.7227444590535,85.3760689169867,0,0,2390703,50497,runs/deepseek-locked89-k2-v2/jobs/task-075-science/task_075__h9uYoJW
079,Chemistry,baseline,2,deepseek-locked89-k2-v2,0,13,14,1,1,completed,deepseek-flash,low,804.995962957968,0,0,0,3431580,105837,runs/deepseek-locked89-k2-v2/jobs/task-079-baseline/task_079__q3dD3To
079,Chemistry,cbe,2,deepseek-locked89-k2-v2,0,13,14,1,1,completed,deepseek-flash,low,905.7565694999648,56.828613250050694,0,0,4172454,112512,runs/deepseek-locked89-k2-v2/jobs/task-079-science/task_079__fVT6MNv
081,Biology,baseline,2,deepseek-locked89-k2-v2,1,5,5,1,1,completed,deepseek-flash,low,1022.800920541049,0,0,0,3464410,56791,runs/deepseek-locked89-k2-v2/jobs/task-081-baseline/task_081__Rr6uQeK
081,Biology,cbe,2,deepseek-locked89-k2-v2,1,5,5,1,1,completed,deepseek-flash,low,795.0665924591012,67.7891384169925,0,0,3138546,36928,runs/deepseek-locked89-k2-v2/jobs/task-081-science/task_081__6S6zetv
082,Materials Science and Engineering,baseline,2,deepseek-locked89-k2-v2,0,1,7,1,1,completed,deepseek-flash,low,213.99492570897564,0,0,0,398646,19627,runs/deepseek-locked89-k2-v2/jobs/task-082-baseline/task_082__BqhRDuC
082,Materials Science and Engineering,cbe,2,deepseek-locked89-k2-v2,0,2,7,1,1,completed,deepseek-flash,low,403.6603804579936,30.811007000040263,0,0,1219984,28188,runs/deepseek-locked89-k2-v2/jobs/task-082-science/task_082__wb5pZXJ
083,Chemistry,baseline,2,deepseek-locked89-k2-v2,0,1,3,1,1,timeout,deepseek-flash,low,1799.0395340420073,0,0,0,7758662,128842,runs/deepseek-locked89-k2-v2/jobs/task-083-baseline/task_083__9WWkdCp
083,Chemistry,cbe,2,deepseek-locked89-k2-v2,0,1,3,1,1,completed,deepseek-flash,low,1257.4622117500985,57.79714812501334,0,0,5311947,64257,runs/deepseek-locked89-k2-v2/jobs/task-083-science/task_083__TQrvsRt
084,Materials Science and Engineering,baseline,2,deepseek-locked89-k2-v2,0,5,7,1,1,completed,deepseek-flash,low,769.0487930829404,0,0,0,3485369,65721,runs/deepseek-locked89-k2-v2/jobs/task-084-baseline/task_084__ckYuvFG
084,Materials Science and Engineering,cbe,2,deepseek-locked89-k2-v2,0,5,7,1,1,completed,deepseek-flash,low,654.351643375936,40.99425541702658,0,0,3746139,52993,runs/deepseek-locked89-k2-v2/jobs/task-084-science/task_084__h3gMDYQ
085,Chemistry,baseline,2,deepseek-locked89-k2-v2,0,3,10,1,1,timeout,deepseek-flash,low,1799.6110980419908,0,0,0,5885033,41073,runs/deepseek-locked89-k2-v2/jobs/task-085-baseline/task_085__MTKCSNe
085,Chemistry,cbe,2,deepseek-locked89-k2-v2,0,3,10,1,1,infrastructure_failure,deepseek-flash,low,1798.6170520839514,42.65814929199405,0,0,4507812,40540,runs/deepseek-locked89-k2-v2/jobs/task-085-science/task_085__CCK9sW7
086,Materials Science and Engineering,baseline,2,deepseek-locked89-k2-v2,0,3,4,1,1,completed,deepseek-flash,low,1121.2897614169633,0,0,0,2063435,21353,runs/deepseek-locked89-k2-v2/jobs/task-086-baseline/task_086__xRS6Hju
086,Materials Science and Engineering,cbe,2,deepseek-locked89-k2-v2,0,3,4,1,1,completed,deepseek-flash,low,655.9057382920291,131.4593282919377,0,0,1221202,15649,runs/deepseek-locked89-k2-v2/jobs/task-086-science/task_086__n3YVPtc
087,Biomedical Engineering,baseline,2,deepseek-locked89-k2-v2,0,0,5,1,1,timeout,deepseek-flash,low,1799.0117027499946,0,0,0,2091877,54619,runs/deepseek-locked89-k2-v2/jobs/task-087-baseline/task_087__RwiMXut
087,Biomedical Engineering,cbe,2,deepseek-locked89-k2-v2,0,2,5,1,1,completed,deepseek-flash,low,1118.053551124991,45.55109570897184,0,0,1538048,32425,runs/deepseek-locked89-k2-v2/jobs/task-087-science/task_087__qAF7ZE6
088,Atmospheric Science,baseline,2,deepseek-locked89-k2-v2,0,3,5,1,1,timeout,deepseek-flash,low,1799.8210453749634,0,0,0,1569149,23935,runs/deepseek-locked89-k2-v2/jobs/task-088-baseline/task_088__We39TE7
088,Atmospheric Science,cbe,2,deepseek-locked89-k2-v2,0,3,5,1,1,infrastructure_failure,deepseek-flash,low,1797.3830980409402,61.70637558295857,0,0,2672677,22814,runs/deepseek-locked89-k2-v2/jobs/task-088-science/task_088__n4mYTab
089,Chemistry,baseline,2,deepseek-locked89-k2-v2,0,3,4,1,1,completed,deepseek-flash,low,502.1299464170588,0,0,0,1221626,33309,runs/deepseek-locked89-k2-v2/jobs/task-089-baseline/task_089__bvT5Bhz
089,Chemistry,cbe,2,deepseek-locked89-k2-v2,0,3,4,1,1,completed,deepseek-flash,low,916.5245924590854,51.11479158408474,0,0,2162829,40317,runs/deepseek-locked89-k2-v2/jobs/task-089-science/task_089__tKRnVUa
090,Chemistry,baseline,2,deepseek-locked89-k2-v2,0,3,6,1,1,completed,deepseek-flash,low,387.62859895895235,0,0,0,814218,21209,runs/deepseek-locked89-k2-v2/jobs/task-090-baseline/task_090__fhPa4Pq
090,Chemistry,cbe,2,deepseek-locked89-k2-v2,0,3,6,1,1,completed,deepseek-flash,low,1331.5724139170488,73.34981016698293,0,0,10849447,57707,runs/deepseek-locked89-k2-v2/jobs/task-090-science/task_090__HbthG5J
092,Chemistry,baseline,2,deepseek-locked89-k2-v2,0,8,9,1,1,timeout,deepseek-flash,low,1799.1086372920545,0,0,0,6246630,69328,runs/deepseek-locked89-k2-v2/jobs/task-092-baseline/task_092__AoBTUbR
092,Chemistry,cbe,2,deepseek-locked89-k2-v2,0,7,9,1,1,completed,deepseek-flash,low,1069.9978801249526,40.85856295796111,0,0,2733856,38440,runs/deepseek-locked89-k2-v2/jobs/task-092-science/task_092__UABTxS4
093,Biomedical Engineering,baseline,2,deepseek-locked89-k2-v2,0,2,4,1,1,completed,deepseek-flash,low,364.88030195899773,0,0,0,417028,33600,runs/deepseek-locked89-k2-v2/jobs/task-093-baseline/task_093__UE8kGkA
093,Biomedical Engineering,cbe,2,deepseek-locked89-k2-v2,0,2,4,1,1,completed,deepseek-flash,low,809.9309783739736,38.86504508298822,0,0,1274958,49047,runs/deepseek-locked89-k2-v2/jobs/task-093-science/task_093__jwPZYVj
094,Physics,baseline,2,deepseek-locked89-k2-v2,0,0,5,1,1,completed,deepseek-flash,low,447.19762970891315,0,0,0,1069288,34821,runs/deepseek-locked89-k2-v2/jobs/task-094-baseline/task_094__wu7JhaC
094,Physics,cbe,2,deepseek-locked89-k2-v2,0,0,5,1,1,completed,deepseek-flash,low,288.4923731670715,34.91485112498049,0,0,563601,17031,runs/deepseek-locked89-k2-v2/jobs/task-094-science/task_094__5yBzYkM
095,Materials Science and Engineering,baseline,2,deepseek-locked89-k2-v2,0,2,8,1,1,completed,deepseek-flash,low,411.24031554197427,0,0,0,879323,40821,runs/deepseek-locked89-k2-v2/jobs/task-095-baseline/task_095__PxqZNhJ
095,Materials Science and Engineering,cbe,2,deepseek-locked89-k2-v2,0,4,8,1,1,completed,deepseek-flash,low,574.3879125419771,29.78021124994848,0,0,1651132,43959,runs/deepseek-locked89-k2-v2/jobs/task-095-science/task_095__LcRS4Qw
096,Atmospheric Science,baseline,2,deepseek-locked89-k2-v2,0,5,8,1,1,completed,deepseek-flash,low,990.1162371250102,0,0,0,1667384,45574,runs/deepseek-locked89-k2-v2/jobs/task-096-baseline/task_096__pzJo6Xv
096,Atmospheric Science,cbe,2,deepseek-locked89-k2-v2,0,5,8,1,1,completed,deepseek-flash,low,1343.9496825828683,50.41960629192181,0,0,3388466,52129,runs/deepseek-locked89-k2-v2/jobs/task-096-science/task_096__qRhzy3r
097,Physics,baseline,2,deepseek-locked89-k2-v2,0,0,7,1,1,completed,deepseek-flash,low,922.7614764160244,0,0,0,1216748,39306,runs/deepseek-locked89-k2-v2/jobs/task-097-baseline/task_097__47RH8Le
097,Physics,cbe,2,deepseek-locked89-k2-v2,0,0,7,1,1,completed,deepseek-flash,low,484.19633795914706,83.55498441704549,0,0,467190,14640,runs/deepseek-locked89-k2-v2/jobs/task-097-science/task_097__dPoVgZc
098,Surveying and Mapping Science and Technology,baseline,2,deepseek-locked89-k2-v2,0,8,11,1,1,completed,deepseek-flash,low,923.9063676670194,0,0,0,1686889,51573,runs/deepseek-locked89-k2-v2/jobs/task-098-baseline/task_098__HW7esZQ
098,Surveying and Mapping Science and Technology,cbe,2,deepseek-locked89-k2-v2,1,11,11,1,1,infrastructure_failure,deepseek-flash,low,1796.0204630419612,81.25782850000542,0,0,3675058,49061,runs/deepseek-locked89-k2-v2/jobs/task-098-science/task_098__dHfSX9J
100,Chemistry,baseline,2,deepseek-locked89-k2-v2,0,7,8,1,1,timeout,deepseek-flash,low,1799.9484859579243,0,0,0,5169987,93408,runs/deepseek-locked89-k2-v2/jobs/task-100-baseline/task_100__KCKHqCc
100,Chemistry,cbe,2,deepseek-locked89-k2-v2,0,6,8,1,1,infrastructure_failure,deepseek-flash,low,1798.3302056660177,106.41527462506201,1,0,0,0,runs/deepseek-locked89-k2-v2/jobs/task-100-science/task_100__m8GgioF
101,Chemistry,baseline,2,deepseek-locked89-k2-v2,0,3,10,1,1,timeout,deepseek-flash,low,1799.9889121670276,0,1,0,0,0,runs/deepseek-locked89-k2-v2/jobs/task-101-baseline/task_101__Sbat4Ug
101,Chemistry,cbe,2,rerun-missing-k3-v1,1,10,10,1,1,completed,deepseek-flash,low,1155.1717471660813,110.45582741603721,0,0,15707860,89688,runs/rerun-missing-k3-v1/jobs/task-101-science/task_101__b5rGk64
102,Materials Science and Engineering,baseline,2,deepseek-locked89-k2-v2,0,3,4,1,1,timeout,deepseek-flash,low,1799.0142671250505,0,0,0,3327898,27366,runs/deepseek-locked89-k2-v2/jobs/task-102-baseline/task_102__vcRKh4F
102,Materials Science and Engineering,cbe,2,deepseek-locked89-k2-v2,0,3,4,1,1,completed,deepseek-flash,low,1481.8268034990178,71.71907345799264,0,0,1847924,26217,runs/deepseek-locked89-k2-v2/jobs/task-102-science/task_102__v5R5Law
103,Mechanics,baseline,2,deepseek-locked89-k2-v2,0,2,4,1,1,completed,deepseek-flash,low,527.0230051260442,0,1,1,0,0,runs/deepseek-locked89-k2-v2/jobs/task-103-baseline/task_103__k6uighY
103,Mechanics,cbe,2,deepseek-locked89-k2-v2,1,4,4,1,1,completed,deepseek-flash,low,1107.9478820831282,153.1035782500403,0,0,2096708,43214,runs/deepseek-locked89-k2-v2/jobs/task-103-science/task_103__MA56BTX
105,Chemistry,baseline,2,deepseek-locked89-k2-v2,0,2,4,1,1,timeout,deepseek-flash,low,1800.0044982089894,0,1,0,0,0,runs/deepseek-locked89-k2-v2/jobs/task-105-baseline/task_105__ihCRmpb
105,Chemistry,cbe,2,deepseek-locked89-k2-v2,0,2,4,1,1,infrastructure_failure,deepseek-flash,low,1798.7574795000255,80.28593462496065,0,0,491319,8792,runs/deepseek-locked89-k2-v2/jobs/task-105-science/task_105__pt4wgDE
106,Chemistry,baseline,2,deepseek-locked89-k2-v2,1,37,37,1,1,timeout,deepseek-flash,low,1799.012959707994,0,0,0,4438667,67316,runs/deepseek-locked89-k2-v2/jobs/task-106-baseline/task_106__CEtU2kk
106,Chemistry,cbe,2,deepseek-locked89-k2-v2,1,37,37,1,1,completed,deepseek-flash,low,1622.3870109580457,90.52631450002082,0,0,3698967,41541,runs/deepseek-locked89-k2-v2/jobs/task-106-science/task_106__m2pZDYb
107,Mathematics,baseline,2,deepseek-locked89-k2-v2,0,2,3,1,1,timeout,deepseek-flash,low,1800.0068344160682,0,1,0,0,0,runs/deepseek-locked89-k2-v2/jobs/task-107-baseline/task_107__72Rruuw
107,Mathematics,cbe,2,deepseek-locked89-k2-v2,0,0,3,1,1,infrastructure_failure,deepseek-flash,low,1798.3070785830496,162.04528237495106,0,0,982124,31750,runs/deepseek-locked89-k2-v2/jobs/task-107-science/task_107__44cc9X8
108,Mathematics,baseline,2,deepseek-locked89-k2-v2,0,18,23,1,1,timeout,deepseek-flash,low,1798.9891572910128,0,0,0,1784489,53709,runs/deepseek-locked89-k2-v2/jobs/task-108-baseline/task_108__r3bjdMJ
108,Mathematics,cbe,2,deepseek-locked89-k2-v2,0,22,23,1,1,infrastructure_failure,deepseek-flash,low,1795.6988760000095,179.06338116701227,0,0,5894460,106596,runs/deepseek-locked89-k2-v2/jobs/task-108-science/task_108__jF2K2eK
109,Mechanics,baseline,2,deepseek-locked89-k2-v2,0,1,6,1,1,timeout,deepseek-flash,low,1799.0075319589814,0,0,0,1190043,15256,runs/deepseek-locked89-k2-v2/jobs/task-109-baseline/task_109__YNQtUwU
109,Mechanics,cbe,2,deepseek-locked89-k2-v2,0,0,6,1,1,infrastructure_failure,deepseek-flash,low,1787.9041500829626,313.88080804096535,0,0,1212550,15736,runs/deepseek-locked89-k2-v2/jobs/task-109-science/task_109__Dy54bP9
110,Civil Engineering,baseline,2,deepseek-locked89-k2-v2,0,4,10,1,1,completed,deepseek-flash,low,1262.393033334054,0,0,0,3355056,43952,runs/deepseek-locked89-k2-v2/jobs/task-110-baseline/task_110__5E56CMq
110,Civil Engineering,cbe,2,deepseek-locked89-k2-v2,0,4,10,1,1,completed,deepseek-flash,low,1661.3273708750494,323.49243062501773,0,0,2666072,28200,runs/deepseek-locked89-k2-v2/jobs/task-110-science/task_110__JKcJBDD
111,Mechanics,baseline,2,deepseek-locked89-k2-v2,0,6,10,1,1,completed,deepseek-flash,low,841.027734000003,0,0,0,1707441,30819,runs/deepseek-locked89-k2-v2/jobs/task-111-baseline/task_111__eiTdHMv
111,Mechanics,cbe,2,deepseek-locked89-k2-v2,0,6,10,1,1,completed,deepseek-flash,low,1598.4988186659757,251.07954045792576,0,0,5780863,39222,runs/deepseek-locked89-k2-v2/jobs/task-111-science/task_111__wqf8mZi
112,Civil Engineering,baseline,2,deepseek-locked89-k2-v2,1,5,5,1,1,completed,deepseek-flash,low,1086.9551128749736,0,0,0,1607642,33711,runs/deepseek-locked89-k2-v2/jobs/task-112-baseline/task_112__5BZDRuy
112,Civil Engineering,cbe,2,deepseek-locked89-k2-v2,1,5,5,1,1,completed,deepseek-flash,low,1088.4007895420073,100.45900150004309,0,0,3059068,24613,runs/deepseek-locked89-k2-v2/jobs/task-112-science/task_112__woKS7RU
113,Electrical Engineering,baseline,2,deepseek-locked89-k2-v2,0,9,13,1,1,completed,deepseek-flash,low,622.3533051669365,0,0,0,991090,19160,runs/deepseek-locked89-k2-v2/jobs/task-113-baseline/task_113__RVjGboZ
113,Electrical Engineering,cbe,2,deepseek-locked89-k2-v2,0,7,13,1,1,completed,deepseek-flash,low,716.3418044169666,83.29603225004394,0,0,2110138,24312,runs/deepseek-locked89-k2-v2/jobs/task-113-science/task_113__yWYqUvn
115,Civil Engineering,baseline,2,deepseek-locked89-k2-v2,1,97,97,1,1,completed,deepseek-flash,low,483.7421725419117,0,0,0,729683,24567,runs/deepseek-locked89-k2-v2/jobs/task-115-baseline/task_115__sfCEKMK
115,Civil Engineering,cbe,2,deepseek-locked89-k2-v2,1,97,97,1,1,completed,deepseek-flash,low,907.6231046670582,120.18145870801527,0,0,2097964,39991,runs/deepseek-locked89-k2-v2/jobs/task-115-science/task_115__ABfjsC5
116,Civil Engineering,baseline,2,deepseek-locked89-k2-v2,0,85,93,1,1,completed,deepseek-flash,low,1296.4680404160172,0,0,0,5038723,70334,runs/deepseek-locked89-k2-v2/jobs/task-116-baseline/task_116__uYnNrVP
116,Civil Engineering,cbe,2,deepseek-locked89-k2-v2,1,93,93,1,1,completed,deepseek-flash,low,1433.9437152490718,109.54620420804713,0,0,7767161,77439,runs/deepseek-locked89-k2-v2/jobs/task-116-science/task_116__HNq6sVz
117,Civil Engineering,baseline,2,deepseek-locked89-k2-v2,0,3,6,1,1,completed,deepseek-flash,low,1489.2747589169303,0,0,0,10657561,101046,runs/deepseek-locked89-k2-v2/jobs/task-117-baseline/task_117__AsLozEq
117,Civil Engineering,cbe,2,deepseek-locked89-k2-v2,0,2,6,1,1,completed,deepseek-flash,low,1323.5363841659855,100.14806629100349,0,0,7667295,92110,runs/deepseek-locked89-k2-v2/jobs/task-117-science/task_117__mQCbmWX
118,Chemistry,baseline,2,deepseek-locked89-k2-v2,0,2,9,1,1,timeout,deepseek-flash,low,1799.9851192919305,0,1,0,0,0,runs/deepseek-locked89-k2-v2/jobs/task-118-baseline/task_118__8tw7o42
118,Chemistry,cbe,2,deepseek-locked89-k2-v2,0,5,9,1,1,infrastructure_failure,deepseek-flash,low,1790.9605217080098,88.6643989160657,1,0,0,0,runs/deepseek-locked89-k2-v2/jobs/task-118-science/task_118__9n7KZEw
003,Materials Science and Engineering,baseline,3,deepseek-locked89-k3-clean-v1,0,3,6,1,1,completed,deepseek-flash,low,166.43207108299248,0,0,0,853567,15029,runs/deepseek-locked89-k3-clean-v1/jobs/task-003-baseline/task_003__Q5u5oy9
003,Materials Science and Engineering,cbe,3,deepseek-locked89-k3-clean-v1,0,2,6,1,1,completed,deepseek-flash,low,255.2943595420802,8.748154792003334,0,0,1161143,21261,runs/deepseek-locked89-k3-clean-v1/jobs/task-003-science/task_003__urmNBXk
007,Biomedical Engineering,baseline,3,deepseek-locked89-k3-clean-v1,1,6,6,1,1,completed,deepseek-flash,low,647.8411657500546,0,0,0,4170811,76966,runs/deepseek-locked89-k3-clean-v1/jobs/task-007-baseline/task_007__i8BPVc4
007,Biomedical Engineering,cbe,3,deepseek-locked89-k3-clean-v1,1,6,6,1,1,completed,deepseek-flash,low,1606.255085457,7.5155447910074145,0,0,6527966,92673,runs/deepseek-locked89-k3-clean-v1/jobs/task-007-science/task_007__FF4ahy2
011,Physics,baseline,3,deepseek-locked89-k3-clean-v1,0,3,5,1,1,completed,deepseek-flash,low,369.1957458750112,0,0,0,2160186,52159,runs/deepseek-locked89-k3-clean-v1/jobs/task-011-baseline/task_011__AiimxK3
011,Physics,cbe,3,deepseek-locked89-k3-clean-v1,0,3,5,1,1,completed,deepseek-flash,low,490.91308262501843,6.367791375028901,0,0,8794115,51033,runs/deepseek-locked89-k3-clean-v1/jobs/task-011-science/task_011__QVUvmSG
012,Physics,baseline,3,deepseek-locked89-k3-clean-v1,0,9,10,1,1,completed,deepseek-flash,low,147.8176035840297,0,0,0,577845,16191,runs/deepseek-locked89-k3-clean-v1/jobs/task-012-baseline/task_012__wXbvp6s
012,Physics,cbe,3,deepseek-locked89-k3-clean-v1,0,9,10,1,1,completed,deepseek-flash,low,923.6098964581033,5.561022875015624,0,0,2959680,28644,runs/deepseek-locked89-k3-clean-v1/jobs/task-012-science/task_012__MaYb8Zk
013,Physics,baseline,3,deepseek-locked89-k3-clean-v1,1,5,5,1,1,completed,deepseek-flash,low,99.37078141595703,0,0,0,438822,11435,runs/deepseek-locked89-k3-clean-v1/jobs/task-013-baseline/task_013__uDCZwuy
013,Physics,cbe,3,deepseek-locked89-k3-clean-v1,1,5,5,1,1,completed,deepseek-flash,low,93.69497141696047,6.948083249968477,0,0,408193,6710,runs/deepseek-locked89-k3-clean-v1/jobs/task-013-science/task_013__JbiGeRs
015,Biomedical Engineering,baseline,3,deepseek-locked89-k3-clean-v1,1,31,31,1,1,completed,deepseek-flash,low,500.58371899998747,0,0,0,2009766,60542,runs/deepseek-locked89-k3-clean-v1/jobs/task-015-baseline/task_015__TySYWKA
015,Biomedical Engineering,cbe,3,deepseek-locked89-k3-clean-v1,1,31,31,1,1,completed,deepseek-flash,low,849.8177040839801,5.980557875009254,0,0,6431265,80506,runs/deepseek-locked89-k3-clean-v1/jobs/task-015-science/task_015__qN22Yjp
017,Astronomy,baseline,3,deepseek-locked89-k3-clean-v1,1,12,12,1,1,completed,deepseek-flash,low,916.8459683340043,0,0,0,4325623,78626,runs/deepseek-locked89-k3-clean-v1/jobs/task-017-baseline/task_017__bFDz2iK
017,Astronomy,cbe,3,deepseek-locked89-k3-clean-v1,1,12,12,1,1,completed,deepseek-flash,low,866.6712929579662,24.039521291968413,0,0,2795645,58384,runs/deepseek-locked89-k3-clean-v1/jobs/task-017-science/task_017__daEdrdN
018,Biology,baseline,3,deepseek-locked89-k3-clean-v1,0,5,5,1,1,completed,deepseek-flash,low,768.9815352089936,0,0,0,1158491,20188,runs/deepseek-locked89-k3-clean-v1/jobs/task-018-baseline/task_018__Ebxwihe
018,Biology,cbe,3,deepseek-locked89-k3-clean-v1,0,0,5,1,1,completed,deepseek-flash,low,1101.5295532920863,222.29875420802273,0,0,2443138,29966,runs/deepseek-locked89-k3-clean-v1/jobs/task-018-science/task_018__9hh5eDs
020,Materials Science and Engineering,baseline,3,deepseek-locked89-k3-clean-v1,0,11,12,1,1,completed,deepseek-flash,low,213.66564633394592,0,0,0,731310,31432,runs/deepseek-locked89-k3-clean-v1/jobs/task-020-baseline/task_020__UumiEKB
020,Materials Science and Engineering,cbe,3,deepseek-locked89-k3-clean-v1,0,10,12,1,1,completed,deepseek-flash,low,285.7846251669107,4.478254458983429,0,0,2153756,38601,runs/deepseek-locked89-k3-clean-v1/jobs/task-020-science/task_020__yocjumv
021,Chemistry,baseline,3,deepseek-locked89-k3-clean-v1,0,9,15,1,1,completed,deepseek-flash,low,1777.897114375024,0,0,0,6096359,121798,runs/deepseek-locked89-k3-clean-v1/jobs/task-021-baseline/task_021__KXnNDaT
021,Chemistry,cbe,3,deepseek-locked89-k3-clean-v1,0,10,15,1,1,completed,deepseek-flash,low,804.377587207011,9.591138915973715,0,0,5929871,74647,runs/deepseek-locked89-k3-clean-v1/jobs/task-021-science/task_021__cKgWXRy
022,Biomedical Engineering,baseline,3,deepseek-locked89-k3-clean-v1,0,10,12,1,1,completed,deepseek-flash,low,744.2332632500911,0,0,0,3305652,68022,runs/deepseek-locked89-k3-clean-v1/jobs/task-022-baseline/task_022__avQVNyD
022,Biomedical Engineering,cbe,3,deepseek-locked89-k3-clean-v1,0,11,12,1,1,infrastructure_failure,deepseek-flash,low,1799.3439425419783,16.091759499977343,0,0,5128389,84291,runs/deepseek-locked89-k3-clean-v1/jobs/task-022-science/task_022__nknsu7y
023,Chemistry,baseline,3,deepseek-locked89-k3-clean-v1,1,8,8,1,1,timeout,deepseek-flash,low,1799.145029834006,0,0,0,5118516,66340,runs/deepseek-locked89-k3-clean-v1/jobs/task-023-baseline/task_023__AzHAMne
023,Chemistry,cbe,3,deepseek-locked89-k3-clean-v1,1,8,8,1,1,completed,deepseek-flash,low,636.9622109581251,16.60292091604788,0,0,2999694,44237,runs/deepseek-locked89-k3-clean-v1/jobs/task-023-science/task_023__YQpLBzY
026,Atmospheric Science,baseline,3,deepseek-locked89-k3-clean-v1,0,8,9,1,1,completed,deepseek-flash,low,820.7176690000342,0,0,0,4258335,61298,runs/deepseek-locked89-k3-clean-v1/jobs/task-026-baseline/task_026__AcvgyGq
026,Atmospheric Science,cbe,3,deepseek-locked89-k3-clean-v1,0,8,9,1,1,completed,deepseek-flash,low,828.1566488330718,17.563130958005786,0,0,3249017,45237,runs/deepseek-locked89-k3-clean-v1/jobs/task-026-science/task_026__o7oLPgo
029,Biology,baseline,3,deepseek-locked89-k3-clean-v1,0,27,29,1,1,completed,deepseek-flash,low,863.513304791064,0,0,0,5510536,91939,runs/deepseek-locked89-k3-clean-v1/jobs/task-029-baseline/task_029__vToj9m9
029,Biology,cbe,3,deepseek-locked89-k3-clean-v1,0,14,29,1,1,infrastructure_failure,deepseek-flash,low,1799.4703981250059,20.296135833021253,1,0,0,0,runs/deepseek-locked89-k3-clean-v1/jobs/task-029-science/task_029__ZjJxYsD
030,Materials Science and Engineering,baseline,3,deepseek-locked89-k3-clean-v1,1,10,10,1,1,completed,deepseek-flash,low,327.7910934170941,0,0,0,663165,19802,runs/deepseek-locked89-k3-clean-v1/jobs/task-030-baseline/task_030__J5R3Vc9
030,Materials Science and Engineering,cbe,3,deepseek-locked89-k3-clean-v1,1,10,10,1,1,completed,deepseek-flash,low,1703.1406825829763,34.677452874951996,0,0,3544521,28201,runs/deepseek-locked89-k3-clean-v1/jobs/task-030-science/task_030__qXGQUpe
031,Biomedical Engineering,baseline,3,deepseek-locked89-k3-clean-v1,1,41,41,1,1,completed,deepseek-flash,low,644.366601375048,0,0,0,2331707,36411,runs/deepseek-locked89-k3-clean-v1/jobs/task-031-baseline/task_031__wwT3HkH
031,Biomedical Engineering,cbe,3,deepseek-locked89-k3-clean-v1,1,41,41,1,1,completed,deepseek-flash,low,547.3090133749647,40.471170958015136,0,0,3207609,41259,runs/deepseek-locked89-k3-clean-v1/jobs/task-031-science/task_031__fuogvbf
032,Chemistry,baseline,3,deepseek-locked89-k3-clean-v1,1,6,6,1,1,timeout,deepseek-flash,low,1800.0827244999819,0,1,0,0,0,runs/deepseek-locked89-k3-clean-v1/jobs/task-032-baseline/task_032__ZtBxmTZ
032,Chemistry,cbe,3,deepseek-locked89-k3-clean-v1,1,6,6,1,1,infrastructure_failure,deepseek-flash,low,1799.1236604579026,26.94044983293861,0,0,3570949,51763,runs/deepseek-locked89-k3-clean-v1/jobs/task-032-science/task_032__3apXZPz
033,Materials Science and Engineering,baseline,3,deepseek-locked89-k3-clean-v1,0,5,10,1,1,timeout,deepseek-flash,low,1799.0376905410085,0,0,0,698858,37472,runs/deepseek-locked89-k3-clean-v1/jobs/task-033-baseline/task_033__pDqQbCd
033,Materials Science and Engineering,cbe,3,deepseek-locked89-k3-clean-v1,0,6,10,1,1,infrastructure_failure,deepseek-flash,low,1799.0766632490559,54.496673958026804,0,0,3140484,29385,runs/deepseek-locked89-k3-clean-v1/jobs/task-033-science/task_033__PJY4Xbh
034,Mathematics,baseline,3,rerun-missing-k3-v1,0,1,8,1,1,timeout,deepseek-flash,low,1799.9184235830326,0,0,0,6847189,90147,runs/rerun-missing-k3-v1/jobs/task-034-baseline/task_034__WUVEszN
034,Mathematics,cbe,3,rerun-missing-k3-v1,0,1,8,1,1,timeout,deepseek-flash,low,1799.0806960001355,15.4533361250069,1,1,0,0,runs/rerun-missing-k3-v1/jobs/task-034-science/task_034__ZmQX9SH
035,Mathematics,baseline,3,deepseek-locked89-k3-clean-v1,0,8,14,1,1,timeout,deepseek-flash,low,1799.6496861670166,0,0,0,5019090,86671,runs/deepseek-locked89-k3-clean-v1/jobs/task-035-baseline/task_035__U5mYpy6
035,Mathematics,cbe,3,deepseek-locked89-k3-clean-v1,0,8,14,1,1,completed,deepseek-flash,low,1218.1270081670955,30.665484750061296,0,0,5123778,58354,runs/deepseek-locked89-k3-clean-v1/jobs/task-035-science/task_035__PW2ELXe
036,Marine Science,baseline,3,deepseek-locked89-k3-clean-v1,0,8,9,1,1,completed,deepseek-flash,low,1521.4122761250474,0,0,0,11826210,92136,runs/deepseek-locked89-k3-clean-v1/jobs/task-036-baseline/task_036__5K3tgJA
036,Marine Science,cbe,3,deepseek-locked89-k3-clean-v1,0,8,9,1,1,completed,deepseek-flash,low,1258.6786058750004,35.252600125037134,0,0,7450152,80960,runs/deepseek-locked89-k3-clean-v1/jobs/task-036-science/task_036__s2XHhm3
037,Biomedical Engineering,baseline,3,deepseek-locked89-k3-clean-v1,0,3,13,1,1,completed,deepseek-flash,low,1109.6704102500807,0,0,0,5250903,120646,runs/deepseek-locked89-k3-clean-v1/jobs/task-037-baseline/task_037__ESAAQFd
037,Biomedical Engineering,cbe,3,deepseek-locked89-k3-clean-v1,0,3,13,1,1,infrastructure_failure,deepseek-flash,low,1799.6864125418942,20.511180499917828,0,0,4866007,123614,runs/deepseek-locked89-k3-clean-v1/jobs/task-037-science/task_037__ejmUXqa
038,Materials Science and Engineering,baseline,3,deepseek-locked89-k3-clean-v1,1,15,15,1,1,completed,deepseek-flash,low,1465.3433586250758,0,0,0,6653256,77201,runs/deepseek-locked89-k3-clean-v1/jobs/task-038-baseline/task_038__56Yy4KL
038,Materials Science and Engineering,cbe,3,deepseek-locked89-k3-clean-v1,1,15,15,1,1,completed,deepseek-flash,low,1796.781874208129,116.11288120807149,0,0,5299839,64025,runs/deepseek-locked89-k3-clean-v1/jobs/task-038-science/task_038__XudcuDb
039,Geography,baseline,3,deepseek-locked89-k3-clean-v1,0,4,11,1,1,timeout,deepseek-flash,low,1800.034757791087,0,1,0,0,0,runs/deepseek-locked89-k3-clean-v1/jobs/task-039-baseline/task_039__84fbtJE
039,Geography,cbe,3,deepseek-locked89-k3-clean-v1,0,4,11,1,1,completed,deepseek-flash,low,1268.7365474579856,63.484320332994685,0,0,5628722,65228,runs/deepseek-locked89-k3-clean-v1/jobs/task-039-science/task_039__MCAFrCH
040,Geophysics,baseline,3,rerun-missing-k3-v1,0,0,3,1,1,timeout,deepseek-flash,low,1800.004170625005,0,1,0,0,0,runs/rerun-missing-k3-v1/jobs/task-040-baseline/task_040__isChK4d
040,Geophysics,cbe,3,rerun-missing-k3-v1,0,0,3,1,1,timeout,deepseek-flash,low,1799.255440833047,15.231212791986763,0,0,1919285,30591,runs/rerun-missing-k3-v1/jobs/task-040-science/task_040__rCXFe2N
041,Geophysics,baseline,3,deepseek-locked89-k3-clean-v1,0,3,24,1,1,completed,deepseek-flash,low,1127.8826947499765,0,0,0,4212865,63184,runs/deepseek-locked89-k3-clean-v1/jobs/task-041-baseline/task_041__7nsHU5V
041,Geophysics,cbe,3,deepseek-locked89-k3-clean-v1,0,7,24,1,1,completed,deepseek-flash,low,1084.26161691593,49.200726166018285,0,0,5364792,66657,runs/deepseek-locked89-k3-clean-v1/jobs/task-041-science/task_041__Pq4xzW8
042,Astronomy,baseline,3,deepseek-locked89-k3-clean-v1,0,6,16,1,1,timeout,deepseek-flash,low,1799.0197656250093,0,0,0,6676319,62997,runs/deepseek-locked89-k3-clean-v1/jobs/task-042-baseline/task_042__myu2hZB
042,Astronomy,cbe,3,deepseek-locked89-k3-clean-v1,1,16,16,1,1,completed,deepseek-flash,low,1293.8465322910342,49.564767415984534,0,0,4628984,54257,runs/deepseek-locked89-k3-clean-v1/jobs/task-042-science/task_042__sUpDWzR
043,Materials Science and Engineering,baseline,3,deepseek-locked89-k3-clean-v1,0,4,8,1,1,completed,deepseek-flash,low,1413.6146647920832,0,0,0,1696807,48656,runs/deepseek-locked89-k3-clean-v1/jobs/task-043-baseline/task_043__rCRbbZC
043,Materials Science and Engineering,cbe,3,deepseek-locked89-k3-clean-v1,0,4,8,1,1,infrastructure_failure,deepseek-flash,low,1796.84412741696,129.01304087496828,0,0,2859708,56191,runs/deepseek-locked89-k3-clean-v1/jobs/task-043-science/task_043__QhpEhiB
044,Chemistry,baseline,3,deepseek-locked89-k3-clean-v1,0,8,15,1,1,completed,deepseek-flash,low,1227.7946127920877,0,0,0,2722107,40601,runs/deepseek-locked89-k3-clean-v1/jobs/task-044-baseline/task_044__9Ef4UU6
044,Chemistry,cbe,3,deepseek-locked89-k3-clean-v1,0,8,15,1,1,completed,deepseek-flash,low,1340.645215500961,209.05718929192517,0,0,2454426,37291,runs/deepseek-locked89-k3-clean-v1/jobs/task-044-science/task_044__4kqXwqF
046,Astronomy,baseline,3,deepseek-locked89-k3-clean-v1,0,6,10,1,1,completed,deepseek-flash,low,914.7813622079557,0,0,0,2988083,54323,runs/deepseek-locked89-k3-clean-v1/jobs/task-046-baseline/task_046__LZXX3HG
046,Astronomy,cbe,3,deepseek-locked89-k3-clean-v1,0,6,10,1,1,completed,deepseek-flash,low,1748.2161030001007,58.58123016706668,0,0,4687190,57466,runs/deepseek-locked89-k3-clean-v1/jobs/task-046-science/task_046__Hjz592y
047,Information and Communication Engineering,baseline,3,deepseek-locked89-k3-clean-v1,0,4,7,1,1,timeout,deepseek-flash,low,1799.1066632500151,0,0,0,8450064,88038,runs/deepseek-locked89-k3-clean-v1/jobs/task-047-baseline/task_047__yp4Sh6T
047,Information and Communication Engineering,cbe,3,deepseek-locked89-k3-clean-v1,0,1,7,1,1,infrastructure_failure,deepseek-flash,low,1798.8800437919563,85.3691180839669,0,0,2338703,36721,runs/deepseek-locked89-k3-clean-v1/jobs/task-047-science/task_047__hEiqTSR
048,Chemistry,baseline,3,deepseek-locked89-k3-clean-v1,0,5,13,1,1,timeout,deepseek-flash,low,1799.053204457974,0,0,0,8557663,85662,runs/deepseek-locked89-k3-clean-v1/jobs/task-048-baseline/task_048__u82CMCN
048,Chemistry,cbe,3,deepseek-locked89-k3-clean-v1,0,5,13,1,1,infrastructure_failure,deepseek-flash,low,1797.3487053748686,276.96471433294937,0,0,7517841,69142,runs/deepseek-locked89-k3-clean-v1/jobs/task-048-science/task_048__uhe34dk
049,Mathematics,baseline,3,deepseek-locked89-k3-clean-v1,0,11,13,1,1,timeout,deepseek-flash,low,1799.031148790964,0,0,0,3284527,40900,runs/deepseek-locked89-k3-clean-v1/jobs/task-049-baseline/task_049__grUNHRV
049,Mathematics,cbe,3,deepseek-locked89-k3-clean-v1,0,11,13,1,1,infrastructure_failure,deepseek-flash,low,1798.6177367910277,184.39384762500413,0,0,2564897,40714,runs/deepseek-locked89-k3-clean-v1/jobs/task-049-science/task_049__DJ73NRt
050,Physics,baseline,3,deepseek-locked89-k3-clean-v1,0,9,11,1,1,completed,deepseek-flash,low,1534.8370920419693,0,0,0,2820193,42890,runs/deepseek-locked89-k3-clean-v1/jobs/task-050-baseline/task_050__Y3C4fEN
050,Physics,cbe,3,deepseek-locked89-k3-clean-v1,0,9,11,1,1,completed,deepseek-flash,low,1269.4419700000435,382.70568787504453,0,0,1662606,30938,runs/deepseek-locked89-k3-clean-v1/jobs/task-050-science/task_050__EboUwiZ
052,Materials Science and Engineering,baseline,3,rerun-missing-k3-v1,0,12,16,1,1,completed,deepseek-flash,low,476.1234870409826,0,0,0,3453785,40589,runs/rerun-missing-k3-v1/jobs/task-052-baseline/task_052__ZXTntdV
052,Materials Science and Engineering,cbe,3,rerun-missing-k3-v1,0,12,16,1,1,completed,deepseek-flash,low,436.8354392090114,13.184224124997854,0,0,4949157,35693,runs/rerun-missing-k3-v1/jobs/task-052-science/task_052__rbjeb9R
053,Biomedical Engineering,baseline,3,deepseek-locked89-k3-clean-v1,0,2,6,1,1,timeout,deepseek-flash,low,1800.0019734170055,0,1,0,0,0,runs/deepseek-locked89-k3-clean-v1/jobs/task-053-baseline/task_053__5Qk389t
053,Biomedical Engineering,cbe,3,deepseek-locked89-k3-clean-v1,0,2,6,1,1,infrastructure_failure,deepseek-flash,low,1794.2275220840238,108.67983287503012,1,0,0,0,runs/deepseek-locked89-k3-clean-v1/jobs/task-053-science/task_053__edPN2MW
054,Chemistry,baseline,3,rerun-missing-k3-v1,0,3,7,1,1,completed,deepseek-flash,low,1038.0872537080431,0,0,0,4600837,108488,runs/rerun-missing-k3-v1/jobs/task-054-baseline/task_054__LeCnrj5
054,Chemistry,cbe,3,deepseek-locked89-k3-clean-v1,0,3,7,1,1,infrastructure_failure,deepseek-flash,low,1799.1815474999603,31.926877666963264,1,0,0,0,runs/deepseek-locked89-k3-clean-v1/jobs/task-054-science/task_054__UCw3KJ2
055,Astronomy,baseline,3,rerun-missing-k3-v1,0,10,18,1,1,completed,deepseek-flash,low,702.4493728749221,0,1,1,0,0,runs/rerun-missing-k3-v1/jobs/task-055-baseline/task_055__ww5H7cd
055,Astronomy,cbe,3,deepseek-locked89-k3-clean-v1,0,8,18,1,1,completed,deepseek-flash,low,1592.2607895008987,76.9020199169172,0,0,10817224,68750,runs/deepseek-locked89-k3-clean-v1/jobs/task-055-science/task_055__Du8oqvp
056,Aeronautical and Astronautical Science and Technology,baseline,3,deepseek-locked89-k3-clean-v1,1,10,10,1,1,completed,deepseek-flash,low,895.0332191250054,0,0,0,493124,11107,runs/deepseek-locked89-k3-clean-v1/jobs/task-056-baseline/task_056__zJj6KBD
056,Aeronautical and Astronautical Science and Technology,cbe,3,deepseek-locked89-k3-clean-v1,0,1,10,1,1,completed,deepseek-flash,low,1656.0155803340022,316.91515987506136,0,0,5176957,18023,runs/deepseek-locked89-k3-clean-v1/jobs/task-056-science/task_056__tETJMpn
057,Chemistry,baseline,3,deepseek-locked89-k3-clean-v1,0,8,11,1,1,completed,deepseek-flash,low,1581.0176339159952,0,0,0,8121158,59546,runs/deepseek-locked89-k3-clean-v1/jobs/task-057-baseline/task_057__Ehy2Q2t
057,Chemistry,cbe,3,deepseek-locked89-k3-clean-v1,0,8,11,1,1,timeout,deepseek-flash,low,1798.4224715840537,154.91204345901497,0,0,13066779,46055,runs/deepseek-locked89-k3-clean-v1/jobs/task-057-science/task_057__SDJ6EC4
059,Computer Science and Technology,baseline,3,deepseek-locked89-k3-clean-v1,0,7,9,1,1,completed,deepseek-flash,low,818.3782597091049,0,0,0,2173813,41450,runs/deepseek-locked89-k3-clean-v1/jobs/task-059-baseline/task_059__wD4oReB
059,Computer Science and Technology,cbe,3,deepseek-locked89-k3-clean-v1,0,2,9,1,1,completed,deepseek-flash,low,970.2391299589071,88.1311377089005,0,0,2627586,43753,runs/deepseek-locked89-k3-clean-v1/jobs/task-059-science/task_059__QG9vTNF
060,Biomedical Engineering,baseline,3,deepseek-locked89-k3-clean-v1,0,4,11,1,1,completed,deepseek-flash,low,536.669288916979,0,0,0,1209094,17150,runs/deepseek-locked89-k3-clean-v1/jobs/task-060-baseline/task_060__eBKnhdi
060,Biomedical Engineering,cbe,3,deepseek-locked89-k3-clean-v1,0,4,11,1,1,completed,deepseek-flash,low,597.1785315829329,156.7715830419911,0,0,1210434,6974,runs/deepseek-locked89-k3-clean-v1/jobs/task-060-science/task_060__WnZJPKG
062,Materials Science and Engineering,baseline,3,deepseek-locked89-k3-clean-v1,0,11,17,1,1,timeout,deepseek-flash,low,1645.7040528749349,0,0,0,18654480,59611,runs/deepseek-locked89-k3-clean-v1/jobs/task-062-baseline/task_062__FY2DhZA
062,Materials Science and Engineering,cbe,3,deepseek-locked89-k3-clean-v1,0,11,17,1,1,infrastructure_failure,deepseek-flash,low,1797.7076177500421,177.2260650000535,1,0,0,0,runs/deepseek-locked89-k3-clean-v1/jobs/task-062-science/task_062__nHHokGt
063,Biology,baseline,3,deepseek-locked89-k3-clean-v1,0,7,18,1,1,completed,deepseek-flash,low,1332.5744578749873,0,0,0,15745676,65576,runs/deepseek-locked89-k3-clean-v1/jobs/task-063-baseline/task_063__EAfZKNK
063,Biology,cbe,3,rerun-missing-k3-v1,1,18,18,1,1,completed,deepseek-flash,low,856.2506675010081,57.03787787503097,1,1,0,0,runs/rerun-missing-k3-v1/jobs/task-063-science/task_063__ridhFyb
064,Chemistry,baseline,3,deepseek-locked89-k3-clean-v1,0,2,8,1,1,timeout,deepseek-flash,low,1734.903739875066,0,0,0,16991884,69928,runs/deepseek-locked89-k3-clean-v1/jobs/task-064-baseline/task_064__QAeqkvP
064,Chemistry,cbe,3,deepseek-locked89-k3-clean-v1,0,2,8,1,1,completed,deepseek-flash,low,1318.612852249993,47.93187333305832,0,0,12083131,78903,runs/deepseek-locked89-k3-clean-v1/jobs/task-064-science/task_064__cvyPpjB
065,Astronomy,baseline,3,deepseek-locked89-k3-clean-v1,0,3,7,1,1,timeout,deepseek-flash,low,1388.9786991670262,0,0,0,15091133,47760,runs/deepseek-locked89-k3-clean-v1/jobs/task-065-baseline/task_065__pua7m7s
065,Astronomy,cbe,3,deepseek-locked89-k3-clean-v1,0,3,7,1,1,timeout,deepseek-flash,low,1538.4433767910814,269.13037625001743,0,0,14735963,59308,runs/deepseek-locked89-k3-clean-v1/jobs/task-065-science/task_065__eyFxcuM
066,Atmospheric Science,baseline,3,deepseek-locked89-k3-clean-v1,0,1,6,1,1,timeout,deepseek-flash,low,1298.3289112499915,0,0,0,13911599,32418,runs/deepseek-locked89-k3-clean-v1/jobs/task-066-baseline/task_066__EPi9MNg
066,Atmospheric Science,cbe,3,deepseek-locked89-k3-clean-v1,0,1,6,1,1,completed,deepseek-flash,low,1146.8501737080514,179.59402804099955,0,0,11577402,36039,runs/deepseek-locked89-k3-clean-v1/jobs/task-066-science/task_066__48y8LdR
067,Atmospheric Science,baseline,3,deepseek-locked89-k3-clean-v1,0,3,6,1,1,timeout,deepseek-flash,low,1182.0883234159555,0,0,0,14606161,52095,runs/deepseek-locked89-k3-clean-v1/jobs/task-067-baseline/task_067__DUoeMAt
067,Atmospheric Science,cbe,3,rerun-missing-k3-v1,1,6,6,1,1,completed,deepseek-flash,low,279.6954334160546,11.899410958052613,0,0,1214529,29034,runs/rerun-missing-k3-v1/jobs/task-067-science/task_067__GZmUpZB
068,Biology,baseline,3,deepseek-locked89-k3-clean-v1,0,0,3,1,1,timeout,deepseek-flash,low,1228.2358792079613,0,0,0,10628779,47930,runs/deepseek-locked89-k3-clean-v1/jobs/task-068-baseline/task_068__3RKMmBC
068,Biology,cbe,3,deepseek-locked89-k3-clean-v1,0,0,3,1,1,timeout,deepseek-flash,low,1226.4561424161075,108.40680666605476,0,0,11322221,43896,runs/deepseek-locked89-k3-clean-v1/jobs/task-068-science/task_068__YutfiGT
069,Biology,baseline,3,deepseek-locked89-k3-clean-v1,0,1,4,1,1,timeout,deepseek-flash,low,1005.2902706670575,0,0,0,7308453,19263,runs/deepseek-locked89-k3-clean-v1/jobs/task-069-baseline/task_069__8gsa2Gq
069,Biology,cbe,3,deepseek-locked89-k3-clean-v1,0,1,4,1,1,timeout,deepseek-flash,low,1111.7641912919935,217.40610441705212,0,0,12214870,17942,runs/deepseek-locked89-k3-clean-v1/jobs/task-069-science/task_069__AmGkwuB
071,Physics,baseline,3,deepseek-locked89-k3-clean-v1,0,2,5,1,1,completed,deepseek-flash,low,1233.8327115409775,0,1,1,0,0,runs/deepseek-locked89-k3-clean-v1/jobs/task-071-baseline/task_071__FSn2aQR
071,Physics,cbe,3,deepseek-locked89-k3-clean-v1,0,2,5,1,1,completed,deepseek-flash,low,848.7010110409465,142.2848900409881,0,0,7212363,56398,runs/deepseek-locked89-k3-clean-v1/jobs/task-071-science/task_071__skjSQLP
072,Biomedical Engineering,baseline,3,deepseek-locked89-k3-clean-v1,0,0,7,1,1,timeout,deepseek-flash,low,858.6542484160746,0,0,0,9861618,37929,runs/deepseek-locked89-k3-clean-v1/jobs/task-072-baseline/task_072__7eQh8RT
072,Biomedical Engineering,cbe,3,deepseek-locked89-k3-clean-v1,0,0,7,1,1,timeout,deepseek-flash,low,1627.39924208296,140.19092149997596,1,1,0,0,runs/deepseek-locked89-k3-clean-v1/jobs/task-072-science/task_072__8ouKPWQ
074,Materials Science and Engineering,baseline,3,deepseek-locked89-k3-clean-v1,0,2,10,1,1,timeout,deepseek-flash,low,673.7695595410187,0,0,0,4372465,10947,runs/deepseek-locked89-k3-clean-v1/jobs/task-074-baseline/task_074__KDFcN2b
074,Materials Science and Engineering,cbe,3,rerun-missing-k3-v1,0,9,10,1,1,completed,deepseek-flash,low,254.0034104171209,9.567958625033498,0,0,1694253,20027,runs/rerun-missing-k3-v1/jobs/task-074-science/task_074__krpUyjM
075,Materials Science and Engineering,baseline,3,deepseek-locked89-k3-clean-v1,0,1,8,1,1,timeout,deepseek-flash,low,1799.0259409999708,0,0,0,1596401,60462,runs/deepseek-locked89-k3-clean-v1/jobs/task-075-baseline/task_075__mF3hxdG
075,Materials Science and Engineering,cbe,3,deepseek-locked89-k3-clean-v1,0,1,8,1,1,infrastructure_failure,deepseek-flash,low,1799.417018334032,8.501492541981861,0,0,4026931,95037,runs/deepseek-locked89-k3-clean-v1/jobs/task-075-science/task_075__QcZazSi
079,Chemistry,baseline,3,deepseek-locked89-k3-clean-v1,0,13,14,1,1,completed,deepseek-flash,low,1384.7274902909994,0,0,0,3188284,73998,runs/deepseek-locked89-k3-clean-v1/jobs/task-079-baseline/task_079__v6dJZhB
079,Chemistry,cbe,3,deepseek-locked89-k3-clean-v1,0,13,14,1,1,completed,deepseek-flash,low,982.5048732090509,11.95840045902878,0,0,7902612,141306,runs/deepseek-locked89-k3-clean-v1/jobs/task-079-science/task_079__WvAa392
081,Biology,baseline,3,deepseek-locked89-k3-clean-v1,1,5,5,1,1,completed,deepseek-flash,low,211.65849879104644,0,0,0,938810,23382,runs/deepseek-locked89-k3-clean-v1/jobs/task-081-baseline/task_081__YotdTTJ
081,Biology,cbe,3,deepseek-locked89-k3-clean-v1,1,5,5,1,1,completed,deepseek-flash,low,799.4907930829795,10.36883004102856,0,0,5210813,46850,runs/deepseek-locked89-k3-clean-v1/jobs/task-081-science/task_081__UTqgPm8
082,Materials Science and Engineering,baseline,3,deepseek-locked89-k3-clean-v1,0,1,7,1,1,completed,deepseek-flash,low,169.59055379102938,0,0,0,476293,26354,runs/deepseek-locked89-k3-clean-v1/jobs/task-082-baseline/task_082__XJKVkpV
082,Materials Science and Engineering,cbe,3,deepseek-locked89-k3-clean-v1,0,1,7,1,1,completed,deepseek-flash,low,166.91659583395813,5.1197437919909135,0,0,1001775,16839,runs/deepseek-locked89-k3-clean-v1/jobs/task-082-science/task_082__6Sedskt
083,Chemistry,baseline,3,deepseek-locked89-k3-clean-v1,0,1,3,1,1,timeout,deepseek-flash,low,1800.029185583,0,1,0,0,0,runs/deepseek-locked89-k3-clean-v1/jobs/task-083-baseline/task_083__TzXSWDD
083,Chemistry,cbe,3,deepseek-locked89-k3-clean-v1,0,1,3,1,1,completed,deepseek-flash,low,921.4943657080876,9.947183041018434,0,0,7394401,59835,runs/deepseek-locked89-k3-clean-v1/jobs/task-083-science/task_083__qKz2U7y
084,Materials Science and Engineering,baseline,3,deepseek-locked89-k3-clean-v1,1,7,7,1,1,completed,deepseek-flash,low,537.3452780829975,0,0,0,3522502,63569,runs/deepseek-locked89-k3-clean-v1/jobs/task-084-baseline/task_084__FqLMj4F
084,Materials Science and Engineering,cbe,3,deepseek-locked89-k3-clean-v1,1,7,7,1,1,completed,deepseek-flash,low,295.95287804096006,8.383493290981278,0,0,2929093,27753,runs/deepseek-locked89-k3-clean-v1/jobs/task-084-science/task_084__vYJHerY
085,Chemistry,baseline,3,deepseek-locked89-k3-clean-v1,0,3,10,1,1,timeout,deepseek-flash,low,1799.0228804579237,0,0,0,7052121,64532,runs/deepseek-locked89-k3-clean-v1/jobs/task-085-baseline/task_085__fpmQBTg
085,Chemistry,cbe,3,deepseek-locked89-k3-clean-v1,0,3,10,1,1,infrastructure_failure,deepseek-flash,low,1799.2505682499614,12.32702883402817,0,0,9352902,64803,runs/deepseek-locked89-k3-clean-v1/jobs/task-085-science/task_085__xb7qMXt
086,Materials Science and Engineering,baseline,3,deepseek-locked89-k3-clean-v1,0,3,4,1,1,completed,deepseek-flash,low,267.7437815410085,0,0,0,803112,14080,runs/deepseek-locked89-k3-clean-v1/jobs/task-086-baseline/task_086__5Vj9xFK
086,Materials Science and Engineering,cbe,3,deepseek-locked89-k3-clean-v1,0,3,4,1,1,completed,deepseek-flash,low,633.8728437080281,28.56105762498919,0,0,2063151,19707,runs/deepseek-locked89-k3-clean-v1/jobs/task-086-science/task_086__NTJxnHc
087,Biomedical Engineering,baseline,3,deepseek-locked89-k3-clean-v1,0,1,5,1,1,timeout,deepseek-flash,low,1799.0234245000174,0,0,0,748370,28632,runs/deepseek-locked89-k3-clean-v1/jobs/task-087-baseline/task_087__8kbhFmD
087,Biomedical Engineering,cbe,3,deepseek-locked89-k3-clean-v1,0,2,5,1,1,completed,deepseek-flash,low,378.3003248340683,8.091699250042439,0,0,2219061,36722,runs/deepseek-locked89-k3-clean-v1/jobs/task-087-science/task_087__weYLtau
088,Atmospheric Science,baseline,3,deepseek-locked89-k3-clean-v1,0,3,5,1,1,timeout,deepseek-flash,low,1799.0369712919928,0,0,0,3267623,56931,runs/deepseek-locked89-k3-clean-v1/jobs/task-088-baseline/task_088__L2FsbbW
088,Atmospheric Science,cbe,3,deepseek-locked89-k3-clean-v1,0,3,5,1,1,infrastructure_failure,deepseek-flash,low,1799.3233488750411,29.391023291973397,1,0,0,0,runs/deepseek-locked89-k3-clean-v1/jobs/task-088-science/task_088__kM6PtcU
089,Chemistry,baseline,3,deepseek-locked89-k3-clean-v1,0,3,4,1,1,completed,deepseek-flash,low,521.4575858749449,0,0,0,1587247,46725,runs/deepseek-locked89-k3-clean-v1/jobs/task-089-baseline/task_089__bXn2com
089,Chemistry,cbe,3,deepseek-locked89-k3-clean-v1,0,3,4,1,1,completed,deepseek-flash,low,640.5749448330607,13.870679832994938,0,0,3614381,25262,runs/deepseek-locked89-k3-clean-v1/jobs/task-089-science/task_089__5Z5Q2Da
090,Chemistry,baseline,3,deepseek-locked89-k3-clean-v1,0,3,6,1,1,completed,deepseek-flash,low,654.4707342499169,0,0,0,2431328,48139,runs/deepseek-locked89-k3-clean-v1/jobs/task-090-baseline/task_090__6cHCqKd
090,Chemistry,cbe,3,deepseek-locked89-k3-clean-v1,0,4,6,1,1,completed,deepseek-flash,low,817.62322987488,13.227483333903365,0,0,4571899,47664,runs/deepseek-locked89-k3-clean-v1/jobs/task-090-science/task_090__CzwBNUU
092,Chemistry,baseline,3,deepseek-locked89-k3-clean-v1,0,8,9,1,1,timeout,deepseek-flash,low,1800.0248804580187,0,1,0,0,0,runs/deepseek-locked89-k3-clean-v1/jobs/task-092-baseline/task_092__mA9uaR3
092,Chemistry,cbe,3,deepseek-locked89-k3-clean-v1,0,8,9,1,1,infrastructure_failure,deepseek-flash,low,1797.817198124947,46.59434749989305,0,0,4268486,47725,runs/deepseek-locked89-k3-clean-v1/jobs/task-092-science/task_092__kHECHvi
093,Biomedical Engineering,baseline,3,deepseek-locked89-k3-clean-v1,0,2,4,1,1,completed,deepseek-flash,low,370.7585667499807,0,0,0,595219,39030,runs/deepseek-locked89-k3-clean-v1/jobs/task-093-baseline/task_093__QWhaFor
093,Biomedical Engineering,cbe,3,deepseek-locked89-k3-clean-v1,0,2,4,1,1,completed,deepseek-flash,low,350.7430930410046,19.97234804101754,0,0,642384,36594,runs/deepseek-locked89-k3-clean-v1/jobs/task-093-science/task_093__pe7D4qK
094,Physics,baseline,3,deepseek-locked89-k3-clean-v1,0,0,5,1,1,completed,deepseek-flash,low,240.37881829205435,0,0,0,494997,19837,runs/deepseek-locked89-k3-clean-v1/jobs/task-094-baseline/task_094__Rszrjbh
094,Physics,cbe,3,deepseek-locked89-k3-clean-v1,0,0,5,1,1,completed,deepseek-flash,low,554.4471048749983,26.42062762507703,0,0,1609220,37208,runs/deepseek-locked89-k3-clean-v1/jobs/task-094-science/task_094__mC3t8cg
095,Materials Science and Engineering,baseline,3,deepseek-locked89-k3-clean-v1,0,0,8,1,1,completed,deepseek-flash,low,386.54566374991555,0,0,0,620894,46758,runs/deepseek-locked89-k3-clean-v1/jobs/task-095-baseline/task_095__SQno7hz
095,Materials Science and Engineering,cbe,3,deepseek-locked89-k3-clean-v1,0,0,8,1,1,completed,deepseek-flash,low,289.3827883749036,14.985803916933946,0,0,602404,18663,runs/deepseek-locked89-k3-clean-v1/jobs/task-095-science/task_095__PAyzUkK
096,Atmospheric Science,baseline,3,deepseek-locked89-k3-clean-v1,0,5,8,1,1,completed,deepseek-flash,low,1529.7162752500735,0,0,0,2878303,63578,runs/deepseek-locked89-k3-clean-v1/jobs/task-096-baseline/task_096__zM9PpVd
096,Atmospheric Science,cbe,3,deepseek-locked89-k3-clean-v1,0,5,8,1,1,completed,deepseek-flash,low,1691.3364158748882,44.45574837492313,0,0,6807539,96518,runs/deepseek-locked89-k3-clean-v1/jobs/task-096-science/task_096__SATcwkD
097,Physics,baseline,3,deepseek-locked89-k3-clean-v1,0,0,7,1,1,completed,deepseek-flash,low,920.9993652080884,0,1,1,0,0,runs/deepseek-locked89-k3-clean-v1/jobs/task-097-baseline/task_097__u3aw2nU
097,Physics,cbe,3,deepseek-locked89-k3-clean-v1,0,0,7,1,1,completed,deepseek-flash,low,459.3086328750942,55.98368125001434,0,0,625069,23463,runs/deepseek-locked89-k3-clean-v1/jobs/task-097-science/task_097__Ue7HBqB
098,Surveying and Mapping Science and Technology,baseline,3,deepseek-locked89-k3-clean-v1,1,11,11,1,1,completed,deepseek-flash,low,1359.0721408749232,0,0,0,2934560,70756,runs/deepseek-locked89-k3-clean-v1/jobs/task-098-baseline/task_098__eYbva6i
098,Surveying and Mapping Science and Technology,cbe,3,deepseek-locked89-k3-clean-v1,0,8,11,1,1,completed,deepseek-flash,low,1271.765028874972,51.93831920798402,0,0,4237635,73438,runs/deepseek-locked89-k3-clean-v1/jobs/task-098-science/task_098__itFaLHi
100,Chemistry,baseline,3,deepseek-locked89-k3-clean-v1,1,8,8,1,1,timeout,deepseek-flash,low,1799.6554975000909,0,0,0,5325684,89495,runs/deepseek-locked89-k3-clean-v1/jobs/task-100-baseline/task_100__rBnsWxS
100,Chemistry,cbe,3,deepseek-locked89-k3-clean-v1,0,6,8,1,1,infrastructure_failure,deepseek-flash,low,1798.6450085828546,59.73306545789819,1,0,0,0,runs/deepseek-locked89-k3-clean-v1/jobs/task-100-science/task_100__T9BCLcj
101,Chemistry,baseline,3,deepseek-locked89-k3-clean-v1,0,5,10,1,1,timeout,deepseek-flash,low,1799.023343250039,0,0,0,7459913,66073,runs/deepseek-locked89-k3-clean-v1/jobs/task-101-baseline/task_101__8EUSquc
101,Chemistry,cbe,3,deepseek-locked89-k3-clean-v1,0,3,10,1,1,infrastructure_failure,deepseek-flash,low,1796.6759300420526,410.9709781249985,0,0,10924094,59076,runs/deepseek-locked89-k3-clean-v1/jobs/task-101-science/task_101__qHQfJqx
102,Materials Science and Engineering,baseline,3,deepseek-locked89-k3-clean-v1,0,2,4,1,1,completed,deepseek-flash,low,1480.052111875033,0,0,0,2952750,23658,runs/deepseek-locked89-k3-clean-v1/jobs/task-102-baseline/task_102__PNst6wd
102,Materials Science and Engineering,cbe,3,deepseek-locked89-k3-clean-v1,0,3,4,1,1,infrastructure_failure,deepseek-flash,low,1795.772702291957,46.68489041691646,0,0,3906880,42956,runs/deepseek-locked89-k3-clean-v1/jobs/task-102-science/task_102__4JhJ5Zv
103,Mechanics,baseline,3,deepseek-locked89-k3-clean-v1,0,2,4,1,1,completed,deepseek-flash,low,234.35643595899455,0,0,0,358991,10094,runs/deepseek-locked89-k3-clean-v1/jobs/task-103-baseline/task_103__AiBPsfM
103,Mechanics,cbe,3,deepseek-locked89-k3-clean-v1,0,2,4,1,1,completed,deepseek-flash,low,669.3927882091375,103.95932108408306,0,0,1110008,17943,runs/deepseek-locked89-k3-clean-v1/jobs/task-103-science/task_103__RdNPYiz
105,Chemistry,baseline,3,deepseek-locked89-k3-clean-v1,0,2,4,1,1,timeout,deepseek-flash,low,1799.0126902919728,0,0,0,982823,12106,runs/deepseek-locked89-k3-clean-v1/jobs/task-105-baseline/task_105__RWz9sbv
105,Chemistry,cbe,3,deepseek-locked89-k3-clean-v1,0,2,4,1,1,infrastructure_failure,deepseek-flash,low,1797.3368691250216,50.08092420804314,0,0,741728,10304,runs/deepseek-locked89-k3-clean-v1/jobs/task-105-science/task_105__maGEQZQ
106,Chemistry,baseline,3,deepseek-locked89-k3-clean-v1,1,37,37,1,1,completed,deepseek-flash,low,1587.9498815409606,0,0,0,4475374,72030,runs/deepseek-locked89-k3-clean-v1/jobs/task-106-baseline/task_106__rCGhy2w
106,Chemistry,cbe,3,deepseek-locked89-k3-clean-v1,1,37,37,1,1,infrastructure_failure,deepseek-flash,low,1797.8953592089238,76.32800454192329,0,0,6359098,42782,runs/deepseek-locked89-k3-clean-v1/jobs/task-106-science/task_106__nApDHJM
107,Mathematics,baseline,3,deepseek-locked89-k3-clean-v1,0,2,3,1,1,timeout,deepseek-flash,low,1799.011901000049,0,0,0,1133105,44193,runs/deepseek-locked89-k3-clean-v1/jobs/task-107-baseline/task_107__h58Ebse
107,Mathematics,cbe,3,deepseek-locked89-k3-clean-v1,0,0,3,1,1,timeout,deepseek-flash,low,1797.3955481259618,165.58449816692155,0,0,1223143,29716,runs/deepseek-locked89-k3-clean-v1/jobs/task-107-science/task_107__rHWbRhy
108,Mathematics,baseline,3,deepseek-locked89-k3-clean-v1,0,22,23,1,1,timeout,deepseek-flash,low,1799.0095464579063,0,0,0,4499703,88838,runs/deepseek-locked89-k3-clean-v1/jobs/task-108-baseline/task_108__ykzGwyZ
108,Mathematics,cbe,3,deepseek-locked89-k3-clean-v1,0,21,23,1,1,infrastructure_failure,deepseek-flash,low,1798.0183539999416,125.34767837496474,0,0,7228569,108378,runs/deepseek-locked89-k3-clean-v1/jobs/task-108-science/task_108__PhaJLwG
109,Mechanics,baseline,3,deepseek-locked89-k3-clean-v1,0,0,6,1,1,timeout,deepseek-flash,low,1799.0102374580456,0,0,0,1472372,15803,runs/deepseek-locked89-k3-clean-v1/jobs/task-109-baseline/task_109__Ldvazze
109,Mechanics,cbe,3,deepseek-locked89-k3-clean-v1,0,1,6,1,1,infrastructure_failure,deepseek-flash,low,1799.1583490420599,297.77854537498206,0,0,1413899,13903,runs/deepseek-locked89-k3-clean-v1/jobs/task-109-science/task_109__YJtLQtJ
110,Civil Engineering,baseline,3,deepseek-locked89-k3-clean-v1,0,4,10,1,1,completed,deepseek-flash,low,1198.3622693750076,0,0,0,1581619,25676,runs/deepseek-locked89-k3-clean-v1/jobs/task-110-baseline/task_110__N2vuW4m
110,Civil Engineering,cbe,3,deepseek-locked89-k3-clean-v1,0,3,10,1,1,completed,deepseek-flash,low,1444.0106450419407,301.47877633397,0,0,2781866,35815,runs/deepseek-locked89-k3-clean-v1/jobs/task-110-science/task_110__eMEieiR
111,Mechanics,baseline,3,deepseek-locked89-k3-clean-v1,0,6,10,1,1,completed,deepseek-flash,low,936.7866861249786,0,0,0,2316809,35429,runs/deepseek-locked89-k3-clean-v1/jobs/task-111-baseline/task_111__aVqKz3C
111,Mechanics,cbe,3,deepseek-locked89-k3-clean-v1,0,6,10,1,1,completed,deepseek-flash,low,1311.3566934169503,218.93746862502303,0,0,4926064,40804,runs/deepseek-locked89-k3-clean-v1/jobs/task-111-science/task_111__ZVts8t9
112,Civil Engineering,baseline,3,deepseek-locked89-k3-clean-v1,1,5,5,1,1,completed,deepseek-flash,low,958.5700048749568,0,0,0,1269249,26072,runs/deepseek-locked89-k3-clean-v1/jobs/task-112-baseline/task_112__iLDLADV
112,Civil Engineering,cbe,3,deepseek-locked89-k3-clean-v1,1,5,5,1,1,completed,deepseek-flash,low,1060.3637065410148,160.83434220799245,0,0,1107662,16061,runs/deepseek-locked89-k3-clean-v1/jobs/task-112-science/task_112__piE9wJn
113,Electrical Engineering,baseline,3,deepseek-locked89-k3-clean-v1,0,7,13,1,1,completed,deepseek-flash,low,1138.4839209170314,0,0,0,2799422,46619,runs/deepseek-locked89-k3-clean-v1/jobs/task-113-baseline/task_113__xxSNrTd
113,Electrical Engineering,cbe,3,deepseek-locked89-k3-clean-v1,0,7,13,1,1,completed,deepseek-flash,low,561.8633336250205,75.15363112499472,0,0,1007169,16100,runs/deepseek-locked89-k3-clean-v1/jobs/task-113-science/task_113__SZ5hNFp
115,Civil Engineering,baseline,3,deepseek-locked89-k3-clean-v1,1,97,97,1,1,completed,deepseek-flash,low,656.7861686670221,0,0,0,1462320,35947,runs/deepseek-locked89-k3-clean-v1/jobs/task-115-baseline/task_115__DPVhXui
115,Civil Engineering,cbe,3,deepseek-locked89-k3-clean-v1,1,97,97,1,1,completed,deepseek-flash,low,1745.9997975000879,110.38457275007386,0,0,6480046,60049,runs/deepseek-locked89-k3-clean-v1/jobs/task-115-science/task_115__QDgWHdy
116,Civil Engineering,baseline,3,deepseek-locked89-k3-clean-v1,0,85,93,1,1,completed,deepseek-flash,low,1388.833040666068,0,0,0,7152958,91318,runs/deepseek-locked89-k3-clean-v1/jobs/task-116-baseline/task_116__VSHNJTS
116,Civil Engineering,cbe,3,deepseek-locked89-k3-clean-v1,0,85,93,1,1,completed,deepseek-flash,low,1123.0197216250235,88.9156804169761,0,0,4652487,60365,runs/deepseek-locked89-k3-clean-v1/jobs/task-116-science/task_116__cF3B92n
117,Civil Engineering,baseline,3,deepseek-locked89-k3-clean-v1,0,2,6,1,1,completed,deepseek-flash,low,720.5128521660808,0,0,0,2660711,35205,runs/deepseek-locked89-k3-clean-v1/jobs/task-117-baseline/task_117__FcS8huU
117,Civil Engineering,cbe,3,deepseek-locked89-k3-clean-v1,0,2,6,1,1,infrastructure_failure,deepseek-flash,low,1796.6567592510255,115.73890095902607,1,0,0,0,runs/deepseek-locked89-k3-clean-v1/jobs/task-117-science/task_117__vuQbjjP
118,Chemistry,baseline,3,deepseek-locked89-k3-clean-v1,0,5,9,1,1,timeout,deepseek-flash,low,1800.0098329589237,0,1,0,0,0,runs/deepseek-locked89-k3-clean-v1/jobs/task-118-baseline/task_118__NmL2Hus
118,Chemistry,cbe,3,deepseek-locked89-k3-clean-v1,0,5,9,1,1,infrastructure_failure,deepseek-flash,low,1799.0757872499526,89.41708049993031,1,0,0,0,runs/deepseek-locked89-k3-clean-v1/jobs/task-118-science/task_118__ahbVQ6n
